Workbook

Sheet 안내
A1: 지구촌 NPC 구조대 · 사후 검증 분석 시트
A3: 시트 | B3: 할 일
A4: 회고입력 | B4: 사후 회고검사지를 별칭별로 한 줄씩 입력. A는 정답 개수(0~10), B·C는 '수업 전' 칸과 '지금' 칸 각각 1~5, D①~④는 질적_코딩표.md의 수준(1~4, 무응답 0).
A5: 회고결과 | B5: 자동 계산. B·C 영역별 수업 전/지금 평균·표준편차, 대응표본 t 검정(T.TEST, 양측), Cohen's d, 문항별 평균, D 수준별 빈도.
A6: 루브릭추이 | B6: 기록지 ①~④(테아·세이두·민·리마)의 루브릭 5준거(1~4점)를 별칭별로 입력하면 기록지별 평균 추이 표와 꺾은선 그래프가 자동으로 그려짐.
A7: 폼붙여넣기(회고) | B7: 구글폼으로 수합했을 때 사용. 구글 응답 시트를 A4에 그대로 붙여 넣으면 오른쪽에 회고입력 형식(별칭=모둠+별칭, A 정답 개수, ①~⑤→1~5)으로 바뀜. 그 블록을 복사해 회고입력 시트에 '값만 붙여넣기'. 폼은 worksheets/구글폼_만들기.gs 로 만들어야 열 순서가 맞음.
A8: 챗봇로그 | B8: E-GPT 대화 내역에서 학생 질문을 F(사실)·E(마음·이유)·S(해결)·O(기타)로 센 개수를 별칭 × 대화(①~⑤)로 입력. 질문 합계, E+S 비율, ①→④ 변화, 대화별 평균과 그래프가 자동. 분류 기준과 E-GPT 리포트 활용법은 질적_코딩표.md 5절·5-1절.
A10: 입력 규칙 | B10: 각 입력 시트의 회색 3줄은 예시입니다. 지우고 실제 자료를 쓰세요. 빈 줄은 계산에서 자동으로 빠집니다(30명분 칸, 부족하면 줄 삽입 후 수식 범위 확인).
B11: B·C 점수 입력: ①=1, ②=2, ③=3, ④=4, ⑤=5. D 수준: 질적_코딩표.md 기준 1~4, 무응답은 0 (0은 평균에서 제외되고 빈도표에만 '무응답'으로 셈).
B12: Cohen's d: (지금 평균 − 수업 전 평균) / 두 시점 표준편차의 합동값. 해석: 0.2 작음 · 0.5 중간 · 0.8 큼.
B13: p값은 .05보다 작으면 통계적으로 의미 있는 차이. N≈25이면 작은 차이는 유의하지 않을 수 있으므로 d와 함께 보고하세요.
B14: 회색 '검정용' 열은 자동 계산되는 보조 열입니다(수업 전·지금을 모두 답한 학생만 남김). 지우거나 고치지 마세요.
A15: A 정답 | B15: 1① 2④ 3O 4② 5O 6① 7② 8O 9① 10X (한 문항 1점, 0~10점으로 입력. 검사지에는 정답이 인쇄되어 있지 않습니다.)
B16: 연구 한계 문구 예시: "사전검사를 실시하지 못하여 회고적 사전·사후 설계(then-test; Howard, 1980)로 대체하고, 기록지 루브릭 추이와 성찰문·챗봇 기록으로 보완하였다."

Sheet 회고입력
A1: 회고입력 — 사후 회고검사지
A2: ▼ 회색 3줄은 예시예요. 지우고 쓰세요. 별칭은 챗봇에 입장한 별칭(예: 1모둠 바다)과 똑같이 적어요.
A3: 별칭 | B3: A 점수 (0~10) | C3: B1 전 | D3: B2 전 | E3: B3 전 | F3: B4 전 | G3: B5 전 | H3: B6 전 | I3: B7 전 | J3: B8 전 | K3: B9 전 | L3: B1 지금 | M3: B2 지금 | N3: B3 지금 | O3: B4 지금 | P3: B5 지금 | Q3: B6 지금 | R3: B7 지금 | S3: B8 지금 | T3: B9 지금 | U3: C1 전 | V3: C2 전 | W3: C3 전 | X3: C4 전 | Y3: C5 전 | Z3: C6 전 | AA3: C1 지금 | AB3: C2 지금 | AC3: C3 지금 | AD3: C4 지금 | AE3: C5 지금 | AF3: C6 지금 | AG3: D①수준 | AH3: D②수준 | AI3: D③수준 | AJ3: D④수준 | AK3: B 전 평균 | AL3: B 지금 평균 | AM3: C 전 평균 | AN3: C 지금 평균 | AO3: B 변화 (지금−전) | AP3: C 변화 (지금−전) | AQ3: 검정용 B 전(짝) | AR3: 검정용 B 지금(짝) | AS3: 검정용 C 전(짝) | AT3: 검정용 C 지금(짝)
A4: 1모둠 바다 | B4: 8 | C4: 2 | D4: 3 | E4: 2 | F4: 3 | G4: 3 | H4: 2 | I4: 2 | J4: 3 | K4: 3 | L4: 4 | M4: 4 | N4: 4 | O4: 4 | P4: 4 | Q4: 5 | R4: 4 | S4: 5 | T4: 4 | U4: 2 | V4: 2 | W4: 3 | X4: 2 | Y4: 3 | Z4: 2 | AA4: 4 | AB4: 4 | AC4: 4 | AD4: 4 | AE4: 5 | AF4: 5 | AG4: 3 | AH4: 3 | AI4: 3 | AJ4: 3 | AK4: =IF(COUNT(C4:K4)=0,"",AVERAGE(C4:K4)) | AL4: =IF(COUNT(L4:T4)=0,"",AVERAGE(L4:T4)) | AM4: =IF(COUNT(U4:Z4)=0,"",AVERAGE(U4:Z4)) | AN4: =IF(COUNT(AA4:AF4)=0,"",AVERAGE(AA4:AF4)) | AO4: =IF(OR(AK4="",AL4=""),"",AL4-AK4) | AP4: =IF(OR(AM4="",AN4=""),"",AN4-AM4) | AQ4: =IF(AO4="","",AK4) | AR4: =IF(AO4="","",AL4) | AS4: =IF(AP4="","",AM4) | AT4: =IF(AP4="","",AN4)
A5: 1모둠 하늘 | B5: 6 | C5: 3 | D5: 3 | E5: 3 | F5: 4 | G5: 3 | H5: 3 | I5: 2 | J5: 3 | K5: 4 | L5: 4 | M5: 4 | N5: 4 | O5: 4 | P5: 4 | Q5: 4 | R5: 3 | S5: 4 | T5: 4 | U5: 3 | V5: 2 | W5: 3 | X5: 3 | Y5: 3 | Z5: 3 | AA5: 4 | AB5: 3 | AC5: 4 | AD5: 4 | AE5: 4 | AF5: 4 | AG5: 2 | AH5: 3 | AI5: 2 | AJ5: 3 | AK5: =IF(COUNT(C5:K5)=0,"",AVERAGE(C5:K5)) | AL5: =IF(COUNT(L5:T5)=0,"",AVERAGE(L5:T5)) | AM5: =IF(COUNT(U5:Z5)=0,"",AVERAGE(U5:Z5)) | AN5: =IF(COUNT(AA5:AF5)=0,"",AVERAGE(AA5:AF5)) | AO5: =IF(OR(AK5="",AL5=""),"",AL5-AK5) | AP5: =IF(OR(AM5="",AN5=""),"",AN5-AM5) | AQ5: =IF(AO5="","",AK5) | AR5: =IF(AO5="","",AL5) | AS5: =IF(AP5="","",AM5) | AT5: =IF(AP5="","",AN5)
A6: 2모둠 구름 | B6: 9 | C6: 2 | D6: 2 | E6: 3 | F6: 3 | G6: 2 | H6: 3 | I6: 2 | J6: 2 | K6: 3 | L6: 5 | M6: 4 | N6: 4 | O6: 5 | P6: 5 | Q6: 4 | R6: 4 | S6: 4 | T6: 5 | U6: 2 | V6: 2 | W6: 2 | X6: 3 | Y6: 3 | Z6: 2 | AA6: 5 | AB6: 4 | AC6: 5 | AD6: 4 | AE6: 5 | AF6: 5 | AG6: 4 | AH6: 3 | AI6: 4 | AJ6: 4 | AK6: =IF(COUNT(C6:K6)=0,"",AVERAGE(C6:K6)) | AL6: =IF(COUNT(L6:T6)=0,"",AVERAGE(L6:T6)) | AM6: =IF(COUNT(U6:Z6)=0,"",AVERAGE(U6:Z6)) | AN6: =IF(COUNT(AA6:AF6)=0,"",AVERAGE(AA6:AF6)) | AO6: =IF(OR(AK6="",AL6=""),"",AL6-AK6) | AP6: =IF(OR(AM6="",AN6=""),"",AN6-AM6) | AQ6: =IF(AO6="","",AK6) | AR6: =IF(AO6="","",AL6) | AS6: =IF(AP6="","",AM6) | AT6: =IF(AP6="","",AN6)
AK7: =IF(COUNT(C7:K7)=0,"",AVERAGE(C7:K7)) | AL7: =IF(COUNT(L7:T7)=0,"",AVERAGE(L7:T7)) | AM7: =IF(COUNT(U7:Z7)=0,"",AVERAGE(U7:Z7)) | AN7: =IF(COUNT(AA7:AF7)=0,"",AVERAGE(AA7:AF7)) | AO7: =IF(OR(AK7="",AL7=""),"",AL7-AK7) | AP7: =IF(OR(AM7="",AN7=""),"",AN7-AM7) | AQ7: =IF(AO7="","",AK7) | AR7: =IF(AO7="","",AL7) | AS7: =IF(AP7="","",AM7) | AT7: =IF(AP7="","",AN7)
AK8: =IF(COUNT(C8:K8)=0,"",AVERAGE(C8:K8)) | AL8: =IF(COUNT(L8:T8)=0,"",AVERAGE(L8:T8)) | AM8: =IF(COUNT(U8:Z8)=0,"",AVERAGE(U8:Z8)) | AN8: =IF(COUNT(AA8:AF8)=0,"",AVERAGE(AA8:AF8)) | AO8: =IF(OR(AK8="",AL8=""),"",AL8-AK8) | AP8: =IF(OR(AM8="",AN8=""),"",AN8-AM8) | AQ8: =IF(AO8="","",AK8) | AR8: =IF(AO8="","",AL8) | AS8: =IF(AP8="","",AM8) | AT8: =IF(AP8="","",AN8)
AK9: =IF(COUNT(C9:K9)=0,"",AVERAGE(C9:K9)) | AL9: =IF(COUNT(L9:T9)=0,"",AVERAGE(L9:T9)) | AM9: =IF(COUNT(U9:Z9)=0,"",AVERAGE(U9:Z9)) | AN9: =IF(COUNT(AA9:AF9)=0,"",AVERAGE(AA9:AF9)) | AO9: =IF(OR(AK9="",AL9=""),"",AL9-AK9) | AP9: =IF(OR(AM9="",AN9=""),"",AN9-AM9) | AQ9: =IF(AO9="","",AK9) | AR9: =IF(AO9="","",AL9) | AS9: =IF(AP9="","",AM9) | AT9: =IF(AP9="","",AN9)
AK10: =IF(COUNT(C10:K10)=0,"",AVERAGE(C10:K10)) | AL10: =IF(COUNT(L10:T10)=0,"",AVERAGE(L10:T10)) | AM10: =IF(COUNT(U10:Z10)=0,"",AVERAGE(U10:Z10)) | AN10: =IF(COUNT(AA10:AF10)=0,"",AVERAGE(AA10:AF10)) | AO10: =IF(OR(AK10="",AL10=""),"",AL10-AK10) | AP10: =IF(OR(AM10="",AN10=""),"",AN10-AM10) | AQ10: =IF(AO10="","",AK10) | AR10: =IF(AO10="","",AL10) | AS10: =IF(AP10="","",AM10) | AT10: =IF(AP10="","",AN10)
AK11: =IF(COUNT(C11:K11)=0,"",AVERAGE(C11:K11)) | AL11: =IF(COUNT(L11:T11)=0,"",AVERAGE(L11:T11)) | AM11: =IF(COUNT(U11:Z11)=0,"",AVERAGE(U11:Z11)) | AN11: =IF(COUNT(AA11:AF11)=0,"",AVERAGE(AA11:AF11)) | AO11: =IF(OR(AK11="",AL11=""),"",AL11-AK11) | AP11: =IF(OR(AM11="",AN11=""),"",AN11-AM11) | AQ11: =IF(AO11="","",AK11) | AR11: =IF(AO11="","",AL11) | AS11: =IF(AP11="","",AM11) | AT11: =IF(AP11="","",AN11)
AK12: =IF(COUNT(C12:K12)=0,"",AVERAGE(C12:K12)) | AL12: =IF(COUNT(L12:T12)=0,"",AVERAGE(L12:T12)) | AM12: =IF(COUNT(U12:Z12)=0,"",AVERAGE(U12:Z12)) | AN12: =IF(COUNT(AA12:AF12)=0,"",AVERAGE(AA12:AF12)) | AO12: =IF(OR(AK12="",AL12=""),"",AL12-AK12) | AP12: =IF(OR(AM12="",AN12=""),"",AN12-AM12) | AQ12: =IF(AO12="","",AK12) | AR12: =IF(AO12="","",AL12) | AS12: =IF(AP12="","",AM12) | AT12: =IF(AP12="","",AN12)
AK13: =IF(COUNT(C13:K13)=0,"",AVERAGE(C13:K13)) | AL13: =IF(COUNT(L13:T13)=0,"",AVERAGE(L13:T13)) | AM13: =IF(COUNT(U13:Z13)=0,"",AVERAGE(U13:Z13)) | AN13: =IF(COUNT(AA13:AF13)=0,"",AVERAGE(AA13:AF13)) | AO13: =IF(OR(AK13="",AL13=""),"",AL13-AK13) | AP13: =IF(OR(AM13="",AN13=""),"",AN13-AM13) | AQ13: =IF(AO13="","",AK13) | AR13: =IF(AO13="","",AL13) | AS13: =IF(AP13="","",AM13) | AT13: =IF(AP13="","",AN13)
AK14: =IF(COUNT(C14:K14)=0,"",AVERAGE(C14:K14)) | AL14: =IF(COUNT(L14:T14)=0,"",AVERAGE(L14:T14)) | AM14: =IF(COUNT(U14:Z14)=0,"",AVERAGE(U14:Z14)) | AN14: =IF(COUNT(AA14:AF14)=0,"",AVERAGE(AA14:AF14)) | AO14: =IF(OR(AK14="",AL14=""),"",AL14-AK14) | AP14: =IF(OR(AM14="",AN14=""),"",AN14-AM14) | AQ14: =IF(AO14="","",AK14) | AR14: =IF(AO14="","",AL14) | AS14: =IF(AP14="","",AM14) | AT14: =IF(AP14="","",AN14)
AK15: =IF(COUNT(C15:K15)=0,"",AVERAGE(C15:K15)) | AL15: =IF(COUNT(L15:T15)=0,"",AVERAGE(L15:T15)) | AM15: =IF(COUNT(U15:Z15)=0,"",AVERAGE(U15:Z15)) | AN15: =IF(COUNT(AA15:AF15)=0,"",AVERAGE(AA15:AF15)) | AO15: =IF(OR(AK15="",AL15=""),"",AL15-AK15) | AP15: =IF(OR(AM15="",AN15=""),"",AN15-AM15) | AQ15: =IF(AO15="","",AK15) | AR15: =IF(AO15="","",AL15) | AS15: =IF(AP15="","",AM15) | AT15: =IF(AP15="","",AN15)
AK16: =IF(COUNT(C16:K16)=0,"",AVERAGE(C16:K16)) | AL16: =IF(COUNT(L16:T16)=0,"",AVERAGE(L16:T16)) | AM16: =IF(COUNT(U16:Z16)=0,"",AVERAGE(U16:Z16)) | AN16: =IF(COUNT(AA16:AF16)=0,"",AVERAGE(AA16:AF16)) | AO16: =IF(OR(AK16="",AL16=""),"",AL16-AK16) | AP16: =IF(OR(AM16="",AN16=""),"",AN16-AM16) | AQ16: =IF(AO16="","",AK16) | AR16: =IF(AO16="","",AL16) | AS16: =IF(AP16="","",AM16) | AT16: =IF(AP16="","",AN16)
AK17: =IF(COUNT(C17:K17)=0,"",AVERAGE(C17:K17)) | AL17: =IF(COUNT(L17:T17)=0,"",AVERAGE(L17:T17)) | AM17: =IF(COUNT(U17:Z17)=0,"",AVERAGE(U17:Z17)) | AN17: =IF(COUNT(AA17:AF17)=0,"",AVERAGE(AA17:AF17)) | AO17: =IF(OR(AK17="",AL17=""),"",AL17-AK17) | AP17: =IF(OR(AM17="",AN17=""),"",AN17-AM17) | AQ17: =IF(AO17="","",AK17) | AR17: =IF(AO17="","",AL17) | AS17: =IF(AP17="","",AM17) | AT17: =IF(AP17="","",AN17)
AK18: =IF(COUNT(C18:K18)=0,"",AVERAGE(C18:K18)) | AL18: =IF(COUNT(L18:T18)=0,"",AVERAGE(L18:T18)) | AM18: =IF(COUNT(U18:Z18)=0,"",AVERAGE(U18:Z18)) | AN18: =IF(COUNT(AA18:AF18)=0,"",AVERAGE(AA18:AF18)) | AO18: =IF(OR(AK18="",AL18=""),"",AL18-AK18) | AP18: =IF(OR(AM18="",AN18=""),"",AN18-AM18) | AQ18: =IF(AO18="","",AK18) | AR18: =IF(AO18="","",AL18) | AS18: =IF(AP18="","",AM18) | AT18: =IF(AP18="","",AN18)
... AK33: =IF(COUNT(C33:K33)=0,"",AVERAGE(C33:K33)) | AL33: =IF(COUNT(L33:T33)=0,"",AVERAGE(L33:T33)) | AM33: =IF(COUNT(U33:Z33)=0,"",AVERAGE(U33:Z33)) | AN33: =IF(COUNT(AA33:AF33)=0,"",AVERAGE(AA33:AF33)) | AO33: =IF(OR(AK33="",AL33=""),"",AL33-AK33) | AP33: =IF(OR(AM33="",AN33=""),"",AN33-AM33) | AQ33: =IF(AO33="","",AK33) | AR33: =IF(AO33="","",AL33) | AS33: =IF(AP33="","",AM33) | AT33: =IF(AP33="","",AN33)

Sheet 회고결과
A1: 회고결과 — 회고적 사전·사후(then-test) 분석
A2: 회고입력 시트에서 자동 계산됩니다. 손으로 고치지 마세요. 수업 전·지금을 모두 답한 학생(짝)만 계산에 들어갑니다. p는 양측 검정, d는 두 시점 표준편차의 합동값으로 나눈 Cohen's d입니다.
A4: 영역 | B4: N | C4: 수업 전 평균 | D4: 수업 전 SD | E4: 지금 평균 | F4: 지금 SD | G4: 변화(지금−전) | H4: t | I4: p (대응 T.TEST) | J4: Cohen's d
A5: B. 마음 알기 (9문항 평균, 1~5) | B5: =COUNT(회고입력!$AO$4:$AO$33) | C5: =IF(B5<2,"",AVERAGE(회고입력!$AQ$4:$AQ$33)) | D5: =IF(B5<2,"",_xlfn.STDEV.S(회고입력!$AQ$4:$AQ$33)) | E5: =IF(B5<2,"",AVERAGE(회고입력!$AR$4:$AR$33)) | F5: =IF(B5<2,"",_xlfn.STDEV.S(회고입력!$AR$4:$AR$33)) | G5: =IF(B5<2,"",AVERAGE(회고입력!$AO$4:$AO$33)) | H5: =IF(OR(B5<2,_xlfn.STDEV.S(회고입력!$AO$4:$AO$33)=0),"",AVERAGE(회고입력!$AO$4:$AO$33)/(_xlfn.STDEV.S(회고입력!$AO$4:$AO$33)/SQRT(B5))) | I5: =IF(OR(B5<2,_xlfn.STDEV.S(회고입력!$AO$4:$AO$33)=0),"",_xlfn.T.TEST(회고입력!$AQ$4:$AQ$33,회고입력!$AR$4:$AR$33,2,1)) | J5: =IF(OR(B5<2,SQRT((D5^2+F5^2)/2)=0),"",G5/SQRT((D5^2+F5^2)/2))
A6: C. 할 수 있는 일 (6문항 평균, 1~5) | B6: =COUNT(회고입력!$AP$4:$AP$33) | C6: =IF(B6<2,"",AVERAGE(회고입력!$AS$4:$AS$33)) | D6: =IF(B6<2,"",_xlfn.STDEV.S(회고입력!$AS$4:$AS$33)) | E6: =IF(B6<2,"",AVERAGE(회고입력!$AT$4:$AT$33)) | F6: =IF(B6<2,"",_xlfn.STDEV.S(회고입력!$AT$4:$AT$33)) | G6: =IF(B6<2,"",AVERAGE(회고입력!$AP$4:$AP$33)) | H6: =IF(OR(B6<2,_xlfn.STDEV.S(회고입력!$AP$4:$AP$33)=0),"",AVERAGE(회고입력!$AP$4:$AP$33)/(_xlfn.STDEV.S(회고입력!$AP$4:$AP$33)/SQRT(B6))) | I6: =IF(OR(B6<2,_xlfn.STDEV.S(회고입력!$AP$4:$AP$33)=0),"",_xlfn.T.TEST(회고입력!$AS$4:$AS$33,회고입력!$AT$4:$AT$33,2,1)) | J6: =IF(OR(B6<2,SQRT((D6^2+F6^2)/2)=0),"",G6/SQRT((D6^2+F6^2)/2))
A7: A. 지구촌 문제 알기 (0~10, 지금만) | B7: =COUNT(회고입력!$B$4:$B$33) | C7: — | D7: — | E7: =IF(B7<2,"",AVERAGE(회고입력!$B$4:$B$33)) | F7: =IF(B7<2,"",_xlfn.STDEV.S(회고입력!$B$4:$B$33)) | G7: — | H7: — | I7: — | J7: —
A8: 해석: d ≥ 0.8 큼 · 0.5 중간 · 0.2 작음. p < .05 이면 의미 있는 차이.
A10: 문항별 평균 | B10: N | C10: 수업 전 평균 | D10: 수업 전 SD | E10: 지금 평균 | F10: 지금 SD | G10: 변화 | H10: t | I10: p | J10: d
A11: B1 멀리 있는 나라의 어려움이 나와 관계있다 | B11: =SUMPRODUCT(ISNUMBER(회고입력!$C$4:$C$33)*ISNUMBER(회고입력!$L$4:$L$33)) | C11: =IF(B11<2,"",SUMPRODUCT(ISNUMBER(회고입력!$C$4:$C$33)*ISNUMBER(회고입력!$L$4:$L$33)*회고입력!$C$4:$C$33)/B11) | D11: =IF(B11<2,"",SQRT(SUMPRODUCT(ISNUMBER(회고입력!$C$4:$C$33)*ISNUMBER(회고입력!$L$4:$L$33)*(회고입력!$C$4:$C$33-C11)^2)/(B11-1))) | E11: =IF(B11<2,"",SUMPRODUCT(ISNUMBER(회고입력!$C$4:$C$33)*ISNUMBER(회고입력!$L$4:$L$33)*회고입력!$L$4:$L$33)/B11) | F11: =IF(B11<2,"",SQRT(SUMPRODUCT(ISNUMBER(회고입력!$C$4:$C$33)*ISNUMBER(회고입력!$L$4:$L$33)*(회고입력!$L$4:$L$33-E11)^2)/(B11-1))) | G11: =IF(B11<2,"",E11-C11) | H11: =IF(OR(I11="",I11=1),"",SIGN(G11)*_xlfn.T.INV.2T(I11,B11-1)) | I11: =IFERROR(IF(B11<2,"",_xlfn.T.TEST(회고입력!$C$4:$C$33,회고입력!$L$4:$L$33,2,1)),"") | J11: =IF(OR(B11<2,SQRT((D11^2+F11^2)/2)=0),"",G11/SQRT((D11^2+F11^2)/2))
A12: B2 겪는 사람의 마음을 떠올릴 수 있다 | B12: =SUMPRODUCT(ISNUMBER(회고입력!$D$4:$D$33)*ISNUMBER(회고입력!$M$4:$M$33)) | C12: =IF(B12<2,"",SUMPRODUCT(ISNUMBER(회고입력!$D$4:$D$33)*ISNUMBER(회고입력!$M$4:$M$33)*회고입력!$D$4:$D$33)/B12) | D12: =IF(B12<2,"",SQRT(SUMPRODUCT(ISNUMBER(회고입력!$D$4:$D$33)*ISNUMBER(회고입력!$M$4:$M$33)*(회고입력!$D$4:$D$33-C12)^2)/(B12-1))) | E12: =IF(B12<2,"",SUMPRODUCT(ISNUMBER(회고입력!$D$4:$D$33)*ISNUMBER(회고입력!$M$4:$M$33)*회고입력!$M$4:$M$33)/B12) | F12: =IF(B12<2,"",SQRT(SUMPRODUCT(ISNUMBER(회고입력!$D$4:$D$33)*ISNUMBER(회고입력!$M$4:$M$33)*(회고입력!$M$4:$M$33-E12)^2)/(B12-1))) | G12: =IF(B12<2,"",E12-C12) | H12: =IF(OR(I12="",I12=1),"",SIGN(G12)*_xlfn.T.INV.2T(I12,B12-1)) | I12: =IFERROR(IF(B12<2,"",_xlfn.T.TEST(회고입력!$D$4:$D$33,회고입력!$M$4:$M$33,2,1)),"") | J12: =IF(OR(B12<2,SQRT((D12^2+F12^2)/2)=0),"",G12/SQRT((D12^2+F12^2)/2))
A13: B3 어떻게 지내는지 궁금하다 | B13: =SUMPRODUCT(ISNUMBER(회고입력!$E$4:$E$33)*ISNUMBER(회고입력!$N$4:$N$33)) | C13: =IF(B13<2,"",SUMPRODUCT(ISNUMBER(회고입력!$E$4:$E$33)*ISNUMBER(회고입력!$N$4:$N$33)*회고입력!$E$4:$E$33)/B13) | D13: =IF(B13<2,"",SQRT(SUMPRODUCT(ISNUMBER(회고입력!$E$4:$E$33)*ISNUMBER(회고입력!$N$4:$N$33)*(회고입력!$E$4:$E$33-C13)^2)/(B13-1))) | E13: =IF(B13<2,"",SUMPRODUCT(ISNUMBER(회고입력!$E$4:$E$33)*ISNUMBER(회고입력!$N$4:$N$33)*회고입력!$N$4:$N$33)/B13) | F13: =IF(B13<2,"",SQRT(SUMPRODUCT(ISNUMBER(회고입력!$E$4:$E$33)*ISNUMBER(회고입력!$N$4:$N$33)*(회고입력!$N$4:$N$33-E13)^2)/(B13-1))) | G13: =IF(B13<2,"",E13-C13) | H13: =IF(OR(I13="",I13=1),"",SIGN(G13)*_xlfn.T.INV.2T(I13,B13-1)) | I13: =IFERROR(IF(B13<2,"",_xlfn.T.TEST(회고입력!$E$4:$E$33,회고입력!$N$4:$N$33,2,1)),"") | J13: =IF(OR(B13<2,SQRT((D13^2+F13^2)/2)=0),"",G13/SQRT((D13^2+F13^2)/2))
A14: B4 자기 삶을 꾸려 가는 사람이라고 생각 | B14: =SUMPRODUCT(ISNUMBER(회고입력!$F$4:$F$33)*ISNUMBER(회고입력!$O$4:$O$33)) | C14: =IF(B14<2,"",SUMPRODUCT(ISNUMBER(회고입력!$F$4:$F$33)*ISNUMBER(회고입력!$O$4:$O$33)*회고입력!$F$4:$F$33)/B14) | D14: =IF(B14<2,"",SQRT(SUMPRODUCT(ISNUMBER(회고입력!$F$4:$F$33)*ISNUMBER(회고입력!$O$4:$O$33)*(회고입력!$F$4:$F$33-C14)^2)/(B14-1))) | E14: =IF(B14<2,"",SUMPRODUCT(ISNUMBER(회고입력!$F$4:$F$33)*ISNUMBER(회고입력!$O$4:$O$33)*회고입력!$O$4:$O$33)/B14) | F14: =IF(B14<2,"",SQRT(SUMPRODUCT(ISNUMBER(회고입력!$F$4:$F$33)*ISNUMBER(회고입력!$O$4:$O$33)*(회고입력!$O$4:$O$33-E14)^2)/(B14-1))) | G14: =IF(B14<2,"",E14-C14) | H14: =IF(OR(I14="",I14=1),"",SIGN(G14)*_xlfn.T.INV.2T(I14,B14-1)) | I14: =IFERROR(IF(B14<2,"",_xlfn.T.TEST(회고입력!$F$4:$F$33,회고입력!$O$4:$O$33,2,1)),"") | J14: =IF(OR(B14<2,SQRT((D14^2+F14^2)/2)=0),"",G14/SQRT((D14^2+F14^2)/2))
A15: B5 내가 그 사람이라면을 생각해 볼 수 있다 | B15: =SUMPRODUCT(ISNUMBER(회고입력!$G$4:$G$33)*ISNUMBER(회고입력!$P$4:$P$33)) | C15: =IF(B15<2,"",SUMPRODUCT(ISNUMBER(회고입력!$G$4:$G$33)*ISNUMBER(회고입력!$P$4:$P$33)*회고입력!$G$4:$G$33)/B15) | D15: =IF(B15<2,"",SQRT(SUMPRODUCT(ISNUMBER(회고입력!$G$4:$G$33)*ISNUMBER(회고입력!$P$4:$P$33)*(회고입력!$G$4:$G$33-C15)^2)/(B15-1))) | E15: =IF(B15<2,"",SUMPRODUCT(ISNUMBER(회고입력!$G$4:$G$33)*ISNUMBER(회고입력!$P$4:$P$33)*회고입력!$P$4:$P$33)/B15) | F15: =IF(B15<2,"",SQRT(SUMPRODUCT(ISNUMBER(회고입력!$G$4:$G$33)*ISNUMBER(회고입력!$P$4:$P$33)*(회고입력!$P$4:$P$33-E15)^2)/(B15-1))) | G15: =IF(B15<2,"",E15-C15) | H15: =IF(OR(I15="",I15=1),"",SIGN(G15)*_xlfn.T.INV.2T(I15,B15-1)) | I15: =IFERROR(IF(B15<2,"",_xlfn.T.TEST(회고입력!$G$4:$G$33,회고입력!$P$4:$P$33,2,1)),"") | J15: =IF(OR(B15<2,SQRT((D15^2+F15^2)/2)=0),"",G15/SQRT((D15^2+F15^2)/2))
A16: B6 사람마다 바라는 해결 방법이 다를 수 있다 | B16: =SUMPRODUCT(ISNUMBER(회고입력!$H$4:$H$33)*ISNUMBER(회고입력!$Q$4:$Q$33)) | C16: =IF(B16<2,"",SUMPRODUCT(ISNUMBER(회고입력!$H$4:$H$33)*ISNUMBER(회고입력!$Q$4:$Q$33)*회고입력!$H$4:$H$33)/B16) | D16: =IF(B16<2,"",SQRT(SUMPRODUCT(ISNUMBER(회고입력!$H$4:$H$33)*ISNUMBER(회고입력!$Q$4:$Q$33)*(회고입력!$H$4:$H$33-C16)^2)/(B16-1))) | E16: =IF(B16<2,"",SUMPRODUCT(ISNUMBER(회고입력!$H$4:$H$33)*ISNUMBER(회고입력!$Q$4:$Q$33)*회고입력!$Q$4:$Q$33)/B16) | F16: =IF(B16<2,"",SQRT(SUMPRODUCT(ISNUMBER(회고입력!$H$4:$H$33)*ISNUMBER(회고입력!$Q$4:$Q$33)*(회고입력!$Q$4:$Q$33-E16)^2)/(B16-1))) | G16: =IF(B16<2,"",E16-C16) | H16: =IF(OR(I16="",I16=1),"",SIGN(G16)*_xlfn.T.INV.2T(I16,B16-1)) | I16: =IFERROR(IF(B16<2,"",_xlfn.T.TEST(회고입력!$H$4:$H$33,회고입력!$Q$4:$Q$33,2,1)),"") | J16: =IF(OR(B16<2,SQRT((D16^2+F16^2)/2)=0),"",G16/SQRT((D16^2+F16^2)/2))
A17: B7 그 사람 입장에서 필요한 것을 말할 수 있다 | B17: =SUMPRODUCT(ISNUMBER(회고입력!$I$4:$I$33)*ISNUMBER(회고입력!$R$4:$R$33)) | C17: =IF(B17<2,"",SUMPRODUCT(ISNUMBER(회고입력!$I$4:$I$33)*ISNUMBER(회고입력!$R$4:$R$33)*회고입력!$I$4:$I$33)/B17) | D17: =IF(B17<2,"",SQRT(SUMPRODUCT(ISNUMBER(회고입력!$I$4:$I$33)*ISNUMBER(회고입력!$R$4:$R$33)*(회고입력!$I$4:$I$33-C17)^2)/(B17-1))) | E17: =IF(B17<2,"",SUMPRODUCT(ISNUMBER(회고입력!$I$4:$I$33)*ISNUMBER(회고입력!$R$4:$R$33)*회고입력!$R$4:$R$33)/B17) | F17: =IF(B17<2,"",SQRT(SUMPRODUCT(ISNUMBER(회고입력!$I$4:$I$33)*ISNUMBER(회고입력!$R$4:$R$33)*(회고입력!$R$4:$R$33-E17)^2)/(B17-1))) | G17: =IF(B17<2,"",E17-C17) | H17: =IF(OR(I17="",I17=1),"",SIGN(G17)*_xlfn.T.INV.2T(I17,B17-1)) | I17: =IFERROR(IF(B17<2,"",_xlfn.T.TEST(회고입력!$I$4:$I$33,회고입력!$R$4:$R$33,2,1)),"") | J17: =IF(OR(B17<2,SQRT((D17^2+F17^2)/2)=0),"",G17/SQRT((D17^2+F17^2)/2))
A18: B8 어떤 선택에도 좋은 점·어려운 점이 함께 | B18: =SUMPRODUCT(ISNUMBER(회고입력!$J$4:$J$33)*ISNUMBER(회고입력!$S$4:$S$33)) | C18: =IF(B18<2,"",SUMPRODUCT(ISNUMBER(회고입력!$J$4:$J$33)*ISNUMBER(회고입력!$S$4:$S$33)*회고입력!$J$4:$J$33)/B18) | D18: =IF(B18<2,"",SQRT(SUMPRODUCT(ISNUMBER(회고입력!$J$4:$J$33)*ISNUMBER(회고입력!$S$4:$S$33)*(회고입력!$J$4:$J$33-C18)^2)/(B18-1))) | E18: =IF(B18<2,"",SUMPRODUCT(ISNUMBER(회고입력!$J$4:$J$33)*ISNUMBER(회고입력!$S$4:$S$33)*회고입력!$S$4:$S$33)/B18) | F18: =IF(B18<2,"",SQRT(SUMPRODUCT(ISNUMBER(회고입력!$J$4:$J$33)*ISNUMBER(회고입력!$S$4:$S$33)*(회고입력!$S$4:$S$33-E18)^2)/(B18-1))) | G18: =IF(B18<2,"",E18-C18) | H18: =IF(OR(I18="",I18=1),"",SIGN(G18)*_xlfn.T.INV.2T(I18,B18-1)) | I18: =IFERROR(IF(B18<2,"",_xlfn.T.TEST(회고입력!$J$4:$J$33,회고입력!$S$4:$S$33,2,1)),"") | J18: =IF(OR(B18<2,SQRT((D18^2+F18^2)/2)=0),"",G18/SQRT((D18^2+F18^2)/2))
A19: B9 다른 방법을 고른 친구의 까닭을 듣고 싶다 | B19: =SUMPRODUCT(ISNUMBER(회고입력!$K$4:$K$33)*ISNUMBER(회고입력!$T$4:$T$33)) | C19: =IF(B19<2,"",SUMPRODUCT(ISNUMBER(회고입력!$K$4:$K$33)*ISNUMBER(회고입력!$T$4:$T$33)*회고입력!$K$4:$K$33)/B19) | D19: =IF(B19<2,"",SQRT(SUMPRODUCT(ISNUMBER(회고입력!$K$4:$K$33)*ISNUMBER(회고입력!$T$4:$T$33)*(회고입력!$K$4:$K$33-C19)^2)/(B19-1))) | E19: =IF(B19<2,"",SUMPRODUCT(ISNUMBER(회고입력!$K$4:$K$33)*ISNUMBER(회고입력!$T$4:$T$33)*회고입력!$T$4:$T$33)/B19) | F19: =IF(B19<2,"",SQRT(SUMPRODUCT(ISNUMBER(회고입력!$K$4:$K$33)*ISNUMBER(회고입력!$T$4:$T$33)*(회고입력!$T$4:$T$33-E19)^2)/(B19-1))) | G19: =IF(B19<2,"",E19-C19) | H19: =IF(OR(I19="",I19=1),"",SIGN(G19)*_xlfn.T.INV.2T(I19,B19-1)) | I19: =IFERROR(IF(B19<2,"",_xlfn.T.TEST(회고입력!$K$4:$K$33,회고입력!$T$4:$T$33,2,1)),"") | J19: =IF(OR(B19<2,SQRT((D19^2+F19^2)/2)=0),"",G19/SQRT((D19^2+F19^2)/2))
A20: C1 나도 할 수 있는 일이 있다 | B20: =SUMPRODUCT(ISNUMBER(회고입력!$U$4:$U$33)*ISNUMBER(회고입력!$AA$4:$AA$33)) | C20: =IF(B20<2,"",SUMPRODUCT(ISNUMBER(회고입력!$U$4:$U$33)*ISNUMBER(회고입력!$AA$4:$AA$33)*회고입력!$U$4:$U$33)/B20) | D20: =IF(B20<2,"",SQRT(SUMPRODUCT(ISNUMBER(회고입력!$U$4:$U$33)*ISNUMBER(회고입력!$AA$4:$AA$33)*(회고입력!$U$4:$U$33-C20)^2)/(B20-1))) | E20: =IF(B20<2,"",SUMPRODUCT(ISNUMBER(회고입력!$U$4:$U$33)*ISNUMBER(회고입력!$AA$4:$AA$33)*회고입력!$AA$4:$AA$33)/B20) | F20: =IF(B20<2,"",SQRT(SUMPRODUCT(ISNUMBER(회고입력!$U$4:$U$33)*ISNUMBER(회고입력!$AA$4:$AA$33)*(회고입력!$AA$4:$AA$33-E20)^2)/(B20-1))) | G20: =IF(B20<2,"",E20-C20) | H20: =IF(OR(I20="",I20=1),"",SIGN(G20)*_xlfn.T.INV.2T(I20,B20-1)) | I20: =IFERROR(IF(B20<2,"",_xlfn.T.TEST(회고입력!$U$4:$U$33,회고입력!$AA$4:$AA$33,2,1)),"") | J20: =IF(OR(B20<2,SQRT((D20^2+F20^2)/2)=0),"",G20/SQRT((D20^2+F20^2)/2))
A21: C2 문제와 해결 방법을 설명할 수 있다 | B21: =SUMPRODUCT(ISNUMBER(회고입력!$V$4:$V$33)*ISNUMBER(회고입력!$AB$4:$AB$33)) | C21: =IF(B21<2,"",SUMPRODUCT(ISNUMBER(회고입력!$V$4:$V$33)*ISNUMBER(회고입력!$AB$4:$AB$33)*회고입력!$V$4:$V$33)/B21) | D21: =IF(B21<2,"",SQRT(SUMPRODUCT(ISNUMBER(회고입력!$V$4:$V$33)*ISNUMBER(회고입력!$AB$4:$AB$33)*(회고입력!$V$4:$V$33-C21)^2)/(B21-1))) | E21: =IF(B21<2,"",SUMPRODUCT(ISNUMBER(회고입력!$V$4:$V$33)*ISNUMBER(회고입력!$AB$4:$AB$33)*회고입력!$AB$4:$AB$33)/B21) | F21: =IF(B21<2,"",SQRT(SUMPRODUCT(ISNUMBER(회고입력!$V$4:$V$33)*ISNUMBER(회고입력!$AB$4:$AB$33)*(회고입력!$AB$4:$AB$33-E21)^2)/(B21-1))) | G21: =IF(B21<2,"",E21-C21) | H21: =IF(OR(I21="",I21=1),"",SIGN(G21)*_xlfn.T.INV.2T(I21,B21-1)) | I21: =IFERROR(IF(B21<2,"",_xlfn.T.TEST(회고입력!$V$4:$V$33,회고입력!$AB$4:$AB$33,2,1)),"") | J21: =IF(OR(B21<2,SQRT((D21^2+F21^2)/2)=0),"",G21/SQRT((D21^2+F21^2)/2))
A22: C3 더 알아보고 싶다 | B22: =SUMPRODUCT(ISNUMBER(회고입력!$W$4:$W$33)*ISNUMBER(회고입력!$AC$4:$AC$33)) | C22: =IF(B22<2,"",SUMPRODUCT(ISNUMBER(회고입력!$W$4:$W$33)*ISNUMBER(회고입력!$AC$4:$AC$33)*회고입력!$W$4:$W$33)/B22) | D22: =IF(B22<2,"",SQRT(SUMPRODUCT(ISNUMBER(회고입력!$W$4:$W$33)*ISNUMBER(회고입력!$AC$4:$AC$33)*(회고입력!$W$4:$W$33-C22)^2)/(B22-1))) | E22: =IF(B22<2,"",SUMPRODUCT(ISNUMBER(회고입력!$W$4:$W$33)*ISNUMBER(회고입력!$AC$4:$AC$33)*회고입력!$AC$4:$AC$33)/B22) | F22: =IF(B22<2,"",SQRT(SUMPRODUCT(ISNUMBER(회고입력!$W$4:$W$33)*ISNUMBER(회고입력!$AC$4:$AC$33)*(회고입력!$AC$4:$AC$33-E22)^2)/(B22-1))) | G22: =IF(B22<2,"",E22-C22) | H22: =IF(OR(I22="",I22=1),"",SIGN(G22)*_xlfn.T.INV.2T(I22,B22-1)) | I22: =IFERROR(IF(B22<2,"",_xlfn.T.TEST(회고입력!$W$4:$W$33,회고입력!$AC$4:$AC$33,2,1)),"") | J22: =IF(OR(B22<2,SQRT((D22^2+F22^2)/2)=0),"",G22/SQRT((D22^2+F22^2)/2))
A23: C4 돕는 활동에 참여하고 싶다 | B23: =SUMPRODUCT(ISNUMBER(회고입력!$X$4:$X$33)*ISNUMBER(회고입력!$AD$4:$AD$33)) | C23: =IF(B23<2,"",SUMPRODUCT(ISNUMBER(회고입력!$X$4:$X$33)*ISNUMBER(회고입력!$AD$4:$AD$33)*회고입력!$X$4:$X$33)/B23) | D23: =IF(B23<2,"",SQRT(SUMPRODUCT(ISNUMBER(회고입력!$X$4:$X$33)*ISNUMBER(회고입력!$AD$4:$AD$33)*(회고입력!$X$4:$X$33-C23)^2)/(B23-1))) | E23: =IF(B23<2,"",SUMPRODUCT(ISNUMBER(회고입력!$X$4:$X$33)*ISNUMBER(회고입력!$AD$4:$AD$33)*회고입력!$AD$4:$AD$33)/B23) | F23: =IF(B23<2,"",SQRT(SUMPRODUCT(ISNUMBER(회고입력!$X$4:$X$33)*ISNUMBER(회고입력!$AD$4:$AD$33)*(회고입력!$AD$4:$AD$33-E23)^2)/(B23-1))) | G23: =IF(B23<2,"",E23-C23) | H23: =IF(OR(I23="",I23=1),"",SIGN(G23)*_xlfn.T.INV.2T(I23,B23-1)) | I23: =IFERROR(IF(B23<2,"",_xlfn.T.TEST(회고입력!$X$4:$X$33,회고입력!$AD$4:$AD$33,2,1)),"") | J23: =IF(OR(B23<2,SQRT((D23^2+F23^2)/2)=0),"",G23/SQRT((D23^2+F23^2)/2))
A24: C5 우리 모둠·학급이 할 수 있는 일을 말할 수 있다 | B24: =SUMPRODUCT(ISNUMBER(회고입력!$Y$4:$Y$33)*ISNUMBER(회고입력!$AE$4:$AE$33)) | C24: =IF(B24<2,"",SUMPRODUCT(ISNUMBER(회고입력!$Y$4:$Y$33)*ISNUMBER(회고입력!$AE$4:$AE$33)*회고입력!$Y$4:$Y$33)/B24) | D24: =IF(B24<2,"",SQRT(SUMPRODUCT(ISNUMBER(회고입력!$Y$4:$Y$33)*ISNUMBER(회고입력!$AE$4:$AE$33)*(회고입력!$Y$4:$Y$33-C24)^2)/(B24-1))) | E24: =IF(B24<2,"",SUMPRODUCT(ISNUMBER(회고입력!$Y$4:$Y$33)*ISNUMBER(회고입력!$AE$4:$AE$33)*회고입력!$AE$4:$AE$33)/B24) | F24: =IF(B24<2,"",SQRT(SUMPRODUCT(ISNUMBER(회고입력!$Y$4:$Y$33)*ISNUMBER(회고입력!$AE$4:$AE$33)*(회고입력!$AE$4:$AE$33-E24)^2)/(B24-1))) | G24: =IF(B24<2,"",E24-C24) | H24: =IF(OR(I24="",I24=1),"",SIGN(G24)*_xlfn.T.INV.2T(I24,B24-1)) | I24: =IFERROR(IF(B24<2,"",_xlfn.T.TEST(회고입력!$Y$4:$Y$33,회고입력!$AE$4:$AE$33,2,1)),"") | J24: =IF(OR(B24<2,SQRT((D24^2+F24^2)/2)=0),"",G24/SQRT((D24^2+F24^2)/2))
A25: C6 도울 때 주민 의견을 먼저 들어 보려고 한다 | B25: =SUMPRODUCT(ISNUMBER(회고입력!$Z$4:$Z$33)*ISNUMBER(회고입력!$AF$4:$AF$33)) | C25: =IF(B25<2,"",SUMPRODUCT(ISNUMBER(회고입력!$Z$4:$Z$33)*ISNUMBER(회고입력!$AF$4:$AF$33)*회고입력!$Z$4:$Z$33)/B25) | D25: =IF(B25<2,"",SQRT(SUMPRODUCT(ISNUMBER(회고입력!$Z$4:$Z$33)*ISNUMBER(회고입력!$AF$4:$AF$33)*(회고입력!$Z$4:$Z$33-C25)^2)/(B25-1))) | E25: =IF(B25<2,"",SUMPRODUCT(ISNUMBER(회고입력!$Z$4:$Z$33)*ISNUMBER(회고입력!$AF$4:$AF$33)*회고입력!$AF$4:$AF$33)/B25) | F25: =IF(B25<2,"",SQRT(SUMPRODUCT(ISNUMBER(회고입력!$Z$4:$Z$33)*ISNUMBER(회고입력!$AF$4:$AF$33)*(회고입력!$AF$4:$AF$33-E25)^2)/(B25-1))) | G25: =IF(B25<2,"",E25-C25) | H25: =IF(OR(I25="",I25=1),"",SIGN(G25)*_xlfn.T.INV.2T(I25,B25-1)) | I25: =IFERROR(IF(B25<2,"",_xlfn.T.TEST(회고입력!$Z$4:$Z$33,회고입력!$AF$4:$AF$33,2,1)),"") | J25: =IF(OR(B25<2,SQRT((D25^2+F25^2)/2)=0),"",G25/SQRT((D25^2+F25^2)/2))
A28: D 생각 쓰기 — 수준별 빈도(명) | B28: 무응답(0) | C28: 1수준 | D28: 2수준 | E28: 3수준 | F28: 4수준 | G28: 응답 N | H28: 평균 수준 (0 제외)
A29: D① 떠오르는 것 3가지와 이유 | B29: =COUNTIF(회고입력!$AG$4:$AG$33,0) | C29: =COUNTIF(회고입력!$AG$4:$AG$33,1) | D29: =COUNTIF(회고입력!$AG$4:$AG$33,2) | E29: =COUNTIF(회고입력!$AG$4:$AG$33,3) | F29: =COUNTIF(회고입력!$AG$4:$AG$33,4) | G29: =COUNTIFS(회고입력!$AG$4:$AG$33,">=1",회고입력!$AG$4:$AG$33,"<=4") | H29: =IF(G29=0,"",AVERAGEIFS(회고입력!$AG$4:$AG$33,회고입력!$AG$4:$AG$33,">=1"))
A30: D② 내가 겪는 친구라면 | B30: =COUNTIF(회고입력!$AH$4:$AH$33,0) | C30: =COUNTIF(회고입력!$AH$4:$AH$33,1) | D30: =COUNTIF(회고입력!$AH$4:$AH$33,2) | E30: =COUNTIF(회고입력!$AH$4:$AH$33,3) | F30: =COUNTIF(회고입력!$AH$4:$AH$33,4) | G30: =COUNTIFS(회고입력!$AH$4:$AH$33,">=1",회고입력!$AH$4:$AH$33,"<=4") | H30: =IF(G30=0,"",AVERAGEIFS(회고입력!$AH$4:$AH$33,회고입력!$AH$4:$AH$33,">=1"))
A31: D③ 누가 어떻게 해결 | B31: =COUNTIF(회고입력!$AI$4:$AI$33,0) | C31: =COUNTIF(회고입력!$AI$4:$AI$33,1) | D31: =COUNTIF(회고입력!$AI$4:$AI$33,2) | E31: =COUNTIF(회고입력!$AI$4:$AI$33,3) | F31: =COUNTIF(회고입력!$AI$4:$AI$33,4) | G31: =COUNTIFS(회고입력!$AI$4:$AI$33,">=1",회고입력!$AI$4:$AI$33,"<=4") | H31: =IF(G31=0,"",AVERAGEIFS(회고입력!$AI$4:$AI$33,회고입력!$AI$4:$AI$33,">=1"))
A32: D④ 성찰문(전에는~지금은) | B32: =COUNTIF(회고입력!$AJ$4:$AJ$33,0) | C32: =COUNTIF(회고입력!$AJ$4:$AJ$33,1) | D32: =COUNTIF(회고입력!$AJ$4:$AJ$33,2) | E32: =COUNTIF(회고입력!$AJ$4:$AJ$33,3) | F32: =COUNTIF(회고입력!$AJ$4:$AJ$33,4) | G32: =COUNTIFS(회고입력!$AJ$4:$AJ$33,">=1",회고입력!$AJ$4:$AJ$33,"<=4") | H32: =IF(G32=0,"",AVERAGEIFS(회고입력!$AJ$4:$AJ$33,회고입력!$AJ$4:$AJ$33,">=1"))
A34: D④ 성찰문 3·4수준(관점의 변화) 비율 = (3수준+4수준) ÷ 응답 N → 회고적 척도 변화의 질적 근거로 함께 보고.

Sheet 루브릭추이
A1: 루브릭추이 — 기록지 ①~④ 루브릭 점수(5준거 × 1~4점)
A2: ▼ 회색 3줄은 예시예요. 지우고 쓰세요. 기록지 ① 테아 · ② 세이두 · ③ 민 · ④ 리마. 아래 평균 표와 그래프는 자동으로 계산돼요.
A3: 별칭 | B3: 기록지 ① 테아 | H3: 기록지 ② 세이두 | N3: 기록지 ③ 민 | T3: 기록지 ④ 리마 | Z3: 검정용(자동)
B4: 문제 이해 | C4: 원인·영향 연결 | D4: 관점 공감 | E4: 해결 주체 이해 | F4: 해결 방안 타당성 | G4: 합계 (20) | H4: 문제 이해 | I4: 원인·영향 연결 | J4: 관점 공감 | K4: 해결 주체 이해 | L4: 해결 방안 타당성 | M4: 합계 (20) | N4: 문제 이해 | O4: 원인·영향 연결 | P4: 관점 공감 | Q4: 해결 주체 이해 | R4: 해결 방안 타당성 | S4: 합계 (20) | T4: 문제 이해 | U4: 원인·영향 연결 | V4: 관점 공감 | W4: 해결 주체 이해 | X4: 해결 방안 타당성 | Y4: 합계 (20) | Z4: ①합계 (짝) | AA4: ④합계 (짝)
A5: 1모둠 바다 | B5: 2 | C5: 2 | D5: 2 | E5: 2 | F5: 2 | G5: =IF(COUNT(B5:F5)=0,"",SUM(B5:F5)) | H5: 3 | I5: 2 | J5: 3 | K5: 2 | L5: 3 | M5: =IF(COUNT(H5:L5)=0,"",SUM(H5:L5)) | N5: 3 | O5: 3 | P5: 3 | Q5: 3 | R5: 3 | S5: =IF(COUNT(N5:R5)=0,"",SUM(N5:R5)) | T5: 4 | U5: 3 | V5: 4 | W5: 3 | X5: 4 | Y5: =IF(COUNT(T5:X5)=0,"",SUM(T5:X5)) | Z5: =IF(OR(G5="",Y5=""),"",G5) | AA5: =IF(OR(G5="",Y5=""),"",Y5)
A6: 1모둠 하늘 | B6: 2 | C6: 1 | D6: 2 | E6: 2 | F6: 2 | G6: =IF(COUNT(B6:F6)=0,"",SUM(B6:F6)) | H6: 2 | I6: 2 | J6: 2 | K6: 2 | L6: 3 | M6: =IF(COUNT(H6:L6)=0,"",SUM(H6:L6)) | N6: 3 | O6: 2 | P6: 3 | Q6: 3 | R6: 3 | S6: =IF(COUNT(N6:R6)=0,"",SUM(N6:R6)) | T6: 3 | U6: 3 | V6: 3 | W6: 3 | X6: 3 | Y6: =IF(COUNT(T6:X6)=0,"",SUM(T6:X6)) | Z6: =IF(OR(G6="",Y6=""),"",G6) | AA6: =IF(OR(G6="",Y6=""),"",Y6)
A7: 2모둠 구름 | B7: 3 | C7: 2 | D7: 2 | E7: 2 | F7: 3 | G7: =IF(COUNT(B7:F7)=0,"",SUM(B7:F7)) | H7: 3 | I7: 3 | J7: 3 | K7: 3 | L7: 3 | M7: =IF(COUNT(H7:L7)=0,"",SUM(H7:L7)) | N7: 4 | O7: 3 | P7: 3 | Q7: 3 | R7: 4 | S7: =IF(COUNT(N7:R7)=0,"",SUM(N7:R7)) | T7: 4 | U7: 4 | V7: 4 | W7: 3 | X7: 4 | Y7: =IF(COUNT(T7:X7)=0,"",SUM(T7:X7)) | Z7: =IF(OR(G7="",Y7=""),"",G7) | AA7: =IF(OR(G7="",Y7=""),"",Y7)
G8: =IF(COUNT(B8:F8)=0,"",SUM(B8:F8)) | M8: =IF(COUNT(H8:L8)=0,"",SUM(H8:L8)) | S8: =IF(COUNT(N8:R8)=0,"",SUM(N8:R8)) | Y8: =IF(COUNT(T8:X8)=0,"",SUM(T8:X8)) | Z8: =IF(OR(G8="",Y8=""),"",G8) | AA8: =IF(OR(G8="",Y8=""),"",Y8)
G9: =IF(COUNT(B9:F9)=0,"",SUM(B9:F9)) | M9: =IF(COUNT(H9:L9)=0,"",SUM(H9:L9)) | S9: =IF(COUNT(N9:R9)=0,"",SUM(N9:R9)) | Y9: =IF(COUNT(T9:X9)=0,"",SUM(T9:X9)) | Z9: =IF(OR(G9="",Y9=""),"",G9) | AA9: =IF(OR(G9="",Y9=""),"",Y9)
G10: =IF(COUNT(B10:F10)=0,"",SUM(B10:F10)) | M10: =IF(COUNT(H10:L10)=0,"",SUM(H10:L10)) | S10: =IF(COUNT(N10:R10)=0,"",SUM(N10:R10)) | Y10: =IF(COUNT(T10:X10)=0,"",SUM(T10:X10)) | Z10: =IF(OR(G10="",Y10=""),"",G10) | AA10: =IF(OR(G10="",Y10=""),"",Y10)
G11: =IF(COUNT(B11:F11)=0,"",SUM(B11:F11)) | M11: =IF(COUNT(H11:L11)=0,"",SUM(H11:L11)) | S11: =IF(COUNT(N11:R11)=0,"",SUM(N11:R11)) | Y11: =IF(COUNT(T11:X11)=0,"",SUM(T11:X11)) | Z11: =IF(OR(G11="",Y11=""),"",G11) | AA11: =IF(OR(G11="",Y11=""),"",Y11)
G12: =IF(COUNT(B12:F12)=0,"",SUM(B12:F12)) | M12: =IF(COUNT(H12:L12)=0,"",SUM(H12:L12)) | S12: =IF(COUNT(N12:R12)=0,"",SUM(N12:R12)) | Y12: =IF(COUNT(T12:X12)=0,"",SUM(T12:X12)) | Z12: =IF(OR(G12="",Y12=""),"",G12) | AA12: =IF(OR(G12="",Y12=""),"",Y12)
G13: =IF(COUNT(B13:F13)=0,"",SUM(B13:F13)) | M13: =IF(COUNT(H13:L13)=0,"",SUM(H13:L13)) | S13: =IF(COUNT(N13:R13)=0,"",SUM(N13:R13)) | Y13: =IF(COUNT(T13:X13)=0,"",SUM(T13:X13)) | Z13: =IF(OR(G13="",Y13=""),"",G13) | AA13: =IF(OR(G13="",Y13=""),"",Y13)
G14: =IF(COUNT(B14:F14)=0,"",SUM(B14:F14)) | M14: =IF(COUNT(H14:L14)=0,"",SUM(H14:L14)) | S14: =IF(COUNT(N14:R14)=0,"",SUM(N14:R14)) | Y14: =IF(COUNT(T14:X14)=0,"",SUM(T14:X14)) | Z14: =IF(OR(G14="",Y14=""),"",G14) | AA14: =IF(OR(G14="",Y14=""),"",Y14)
G15: =IF(COUNT(B15:F15)=0,"",SUM(B15:F15)) | M15: =IF(COUNT(H15:L15)=0,"",SUM(H15:L15)) | S15: =IF(COUNT(N15:R15)=0,"",SUM(N15:R15)) | Y15: =IF(COUNT(T15:X15)=0,"",SUM(T15:X15)) | Z15: =IF(OR(G15="",Y15=""),"",G15) | AA15: =IF(OR(G15="",Y15=""),"",Y15)
G16: =IF(COUNT(B16:F16)=0,"",SUM(B16:F16)) | M16: =IF(COUNT(H16:L16)=0,"",SUM(H16:L16)) | S16: =IF(COUNT(N16:R16)=0,"",SUM(N16:R16)) | Y16: =IF(COUNT(T16:X16)=0,"",SUM(T16:X16)) | Z16: =IF(OR(G16="",Y16=""),"",G16) | AA16: =IF(OR(G16="",Y16=""),"",Y16)
G17: =IF(COUNT(B17:F17)=0,"",SUM(B17:F17)) | M17: =IF(COUNT(H17:L17)=0,"",SUM(H17:L17)) | S17: =IF(COUNT(N17:R17)=0,"",SUM(N17:R17)) | Y17: =IF(COUNT(T17:X17)=0,"",SUM(T17:X17)) | Z17: =IF(OR(G17="",Y17=""),"",G17) | AA17: =IF(OR(G17="",Y17=""),"",Y17)
G18: =IF(COUNT(B18:F18)=0,"",SUM(B18:F18)) | M18: =IF(COUNT(H18:L18)=0,"",SUM(H18:L18)) | S18: =IF(COUNT(N18:R18)=0,"",SUM(N18:R18)) | Y18: =IF(COUNT(T18:X18)=0,"",SUM(T18:X18)) | Z18: =IF(OR(G18="",Y18=""),"",G18) | AA18: =IF(OR(G18="",Y18=""),"",Y18)
G19: =IF(COUNT(B19:F19)=0,"",SUM(B19:F19)) | M19: =IF(COUNT(H19:L19)=0,"",SUM(H19:L19)) | S19: =IF(COUNT(N19:R19)=0,"",SUM(N19:R19)) | Y19: =IF(COUNT(T19:X19)=0,"",SUM(T19:X19)) | Z19: =IF(OR(G19="",Y19=""),"",G19) | AA19: =IF(OR(G19="",Y19=""),"",Y19)
... G34: =IF(COUNT(B34:F34)=0,"",SUM(B34:F34)) | M34: =IF(COUNT(H34:L34)=0,"",SUM(H34:L34)) | S34: =IF(COUNT(N34:R34)=0,"",SUM(N34:R34)) | Y34: =IF(COUNT(T34:X34)=0,"",SUM(T34:X34)) | Z34: =IF(OR(G34="",Y34=""),"",G34) | AA34: =IF(OR(G34="",Y34=""),"",Y34)
A37: 기록지별 평균 추이 | B37: ① 테아 | C37: ② 세이두 | D37: ③ 민 | E37: ④ 리마 | F37: ④ − ① (평균 차이) | G37: N(①) | H37: N(④)
A38: 문제 이해 | B38: =IF(COUNT($B$5:$B$34)=0,"",AVERAGE($B$5:$B$34)) | C38: =IF(COUNT($H$5:$H$34)=0,"",AVERAGE($H$5:$H$34)) | D38: =IF(COUNT($N$5:$N$34)=0,"",AVERAGE($N$5:$N$34)) | E38: =IF(COUNT($T$5:$T$34)=0,"",AVERAGE($T$5:$T$34)) | F38: =IF(OR(B38="",E38=""),"",E38-B38) | G38: =COUNT($B$5:$B$34) | H38: =COUNT($T$5:$T$34)
A39: 원인·영향 연결 | B39: =IF(COUNT($C$5:$C$34)=0,"",AVERAGE($C$5:$C$34)) | C39: =IF(COUNT($I$5:$I$34)=0,"",AVERAGE($I$5:$I$34)) | D39: =IF(COUNT($O$5:$O$34)=0,"",AVERAGE($O$5:$O$34)) | E39: =IF(COUNT($U$5:$U$34)=0,"",AVERAGE($U$5:$U$34)) | F39: =IF(OR(B39="",E39=""),"",E39-B39) | G39: =COUNT($C$5:$C$34) | H39: =COUNT($U$5:$U$34)
A40: 관점 공감 | B40: =IF(COUNT($D$5:$D$34)=0,"",AVERAGE($D$5:$D$34)) | C40: =IF(COUNT($J$5:$J$34)=0,"",AVERAGE($J$5:$J$34)) | D40: =IF(COUNT($P$5:$P$34)=0,"",AVERAGE($P$5:$P$34)) | E40: =IF(COUNT($V$5:$V$34)=0,"",AVERAGE($V$5:$V$34)) | F40: =IF(OR(B40="",E40=""),"",E40-B40) | G40: =COUNT($D$5:$D$34) | H40: =COUNT($V$5:$V$34)
A41: 해결 주체 이해 | B41: =IF(COUNT($E$5:$E$34)=0,"",AVERAGE($E$5:$E$34)) | C41: =IF(COUNT($K$5:$K$34)=0,"",AVERAGE($K$5:$K$34)) | D41: =IF(COUNT($Q$5:$Q$34)=0,"",AVERAGE($Q$5:$Q$34)) | E41: =IF(COUNT($W$5:$W$34)=0,"",AVERAGE($W$5:$W$34)) | F41: =IF(OR(B41="",E41=""),"",E41-B41) | G41: =COUNT($E$5:$E$34) | H41: =COUNT($W$5:$W$34)
A42: 해결 방안 타당성 | B42: =IF(COUNT($F$5:$F$34)=0,"",AVERAGE($F$5:$F$34)) | C42: =IF(COUNT($L$5:$L$34)=0,"",AVERAGE($L$5:$L$34)) | D42: =IF(COUNT($R$5:$R$34)=0,"",AVERAGE($R$5:$R$34)) | E42: =IF(COUNT($X$5:$X$34)=0,"",AVERAGE($X$5:$X$34)) | F42: =IF(OR(B42="",E42=""),"",E42-B42) | G42: =COUNT($F$5:$F$34) | H42: =COUNT($X$5:$X$34)
A43: 합계(20점) | B43: =IF(COUNT($G$5:$G$34)=0,"",AVERAGE($G$5:$G$34)) | C43: =IF(COUNT($M$5:$M$34)=0,"",AVERAGE($M$5:$M$34)) | D43: =IF(COUNT($S$5:$S$34)=0,"",AVERAGE($S$5:$S$34)) | E43: =IF(COUNT($Y$5:$Y$34)=0,"",AVERAGE($Y$5:$Y$34)) | F43: =IF(OR(B43="",E43=""),"",E43-B43) | G43: =COUNT($G$5:$G$34) | H43: =COUNT($Y$5:$Y$34)
A45: 합계 ① vs ④ 대응 t 검정 p (짝 N) | B45: =IFERROR(_xlfn.T.TEST($Z$5:$Z$34,$AA$5:$AA$34,2,1),"") | C45: Cohen's d | D45: =IFERROR((AVERAGE($AA$5:$AA$34)-AVERAGE($Z$5:$Z$34))/SQRT((_xlfn.STDEV.S($Z$5:$Z$34)^2+_xlfn.STDEV.S($AA$5:$AA$34)^2)/2),"") | E45: 짝 N | F45: =COUNT($Z$5:$Z$34)
A46: ※ 위 평균 표는 기록지마다 낸 학생 전체의 평균이고(N 열 참고), ① vs ④ 검정은 ①과 ④를 모두 낸 학생(짝)만으로 계산합니다.

Sheet 챗봇로그
A1: 챗봇로그 — 학생 질문 유형 수 (E-GPT 대화 내역, 질적_코딩표.md 5절 기준)
A2: ▼ 회색 3줄은 예시예요. 지우고 쓰세요. 별칭별로 각 인물과의 대화에서 학생 질문을 F(사실)·E(마음·이유)·S(해결)·O(기타)로 센 개수를 적어요. 합계와 비율은 자동이에요.
A3: 별칭 | B3: 대화 ① 테아 | H3: 대화 ② 세이두 | N3: 대화 ③ 민 | T3: 대화 ④ 리마 | Z3: 대화 ⑤ 수현 | AF3: ①→④ 변화
B4: F 사실 | C4: E 마음·이유 | D4: S 해결 | E4: O 기타 | F4: 질문 합계 | G4: E+S 비율 | H4: F 사실 | I4: E 마음·이유 | J4: S 해결 | K4: O 기타 | L4: 질문 합계 | M4: E+S 비율 | N4: F 사실 | O4: E 마음·이유 | P4: S 해결 | Q4: O 기타 | R4: 질문 합계 | S4: E+S 비율 | T4: F 사실 | U4: E 마음·이유 | V4: S 해결 | W4: O 기타 | X4: 질문 합계 | Y4: E+S 비율 | Z4: F 사실 | AA4: E 마음·이유 | AB4: S 해결 | AC4: O 기타 | AD4: 질문 합계 | AE4: E+S 비율 | AF4: E+S 비율 (④−①)
A5: 1모둠 바다 | B5: 4 | C5: 1 | D5: 0 | E5: 2 | F5: =IF(COUNT(B5:E5)=0,"",SUM(B5:E5)) | G5: =IF(OR(F5="",F5=0),"",(C5+D5)/F5) | H5: 3 | I5: 2 | J5: 1 | K5: 1 | L5: =IF(COUNT(H5:K5)=0,"",SUM(H5:K5)) | M5: =IF(OR(L5="",L5=0),"",(I5+J5)/L5) | N5: 2 | O5: 3 | P5: 1 | Q5: 1 | R5: =IF(COUNT(N5:Q5)=0,"",SUM(N5:Q5)) | S5: =IF(OR(R5="",R5=0),"",(O5+P5)/R5) | T5: 2 | U5: 3 | V5: 2 | W5: 1 | X5: =IF(COUNT(T5:W5)=0,"",SUM(T5:W5)) | Y5: =IF(OR(X5="",X5=0),"",(U5+V5)/X5) | Z5: 1 | AA5: 2 | AB5: 4 | AC5: 1 | AD5: =IF(COUNT(Z5:AC5)=0,"",SUM(Z5:AC5)) | AE5: =IF(OR(AD5="",AD5=0),"",(AA5+AB5)/AD5) | AF5: =IF(OR(G5="",Y5=""),"",Y5-G5)
A6: 1모둠 하늘 | B6: 5 | C6: 0 | D6: 0 | E6: 2 | F6: =IF(COUNT(B6:E6)=0,"",SUM(B6:E6)) | G6: =IF(OR(F6="",F6=0),"",(C6+D6)/F6) | H6: 4 | I6: 1 | J6: 0 | K6: 2 | L6: =IF(COUNT(H6:K6)=0,"",SUM(H6:K6)) | M6: =IF(OR(L6="",L6=0),"",(I6+J6)/L6) | N6: 3 | O6: 2 | P6: 1 | Q6: 1 | R6: =IF(COUNT(N6:Q6)=0,"",SUM(N6:Q6)) | S6: =IF(OR(R6="",R6=0),"",(O6+P6)/R6) | T6: 3 | U6: 2 | V6: 1 | W6: 1 | X6: =IF(COUNT(T6:W6)=0,"",SUM(T6:W6)) | Y6: =IF(OR(X6="",X6=0),"",(U6+V6)/X6) | Z6: 2 | AA6: 1 | AB6: 3 | AC6: 1 | AD6: =IF(COUNT(Z6:AC6)=0,"",SUM(Z6:AC6)) | AE6: =IF(OR(AD6="",AD6=0),"",(AA6+AB6)/AD6) | AF6: =IF(OR(G6="",Y6=""),"",Y6-G6)
A7: 2모둠 구름 | B7: 3 | C7: 2 | D7: 1 | E7: 1 | F7: =IF(COUNT(B7:E7)=0,"",SUM(B7:E7)) | G7: =IF(OR(F7="",F7=0),"",(C7+D7)/F7) | H7: 2 | I7: 2 | J7: 2 | K7: 1 | L7: =IF(COUNT(H7:K7)=0,"",SUM(H7:K7)) | M7: =IF(OR(L7="",L7=0),"",(I7+J7)/L7) | N7: 2 | O7: 3 | P7: 2 | Q7: 0 | R7: =IF(COUNT(N7:Q7)=0,"",SUM(N7:Q7)) | S7: =IF(OR(R7="",R7=0),"",(O7+P7)/R7) | T7: 1 | U7: 3 | V7: 3 | W7: 1 | X7: =IF(COUNT(T7:W7)=0,"",SUM(T7:W7)) | Y7: =IF(OR(X7="",X7=0),"",(U7+V7)/X7) | Z7: 1 | AA7: 2 | AB7: 4 | AC7: 0 | AD7: =IF(COUNT(Z7:AC7)=0,"",SUM(Z7:AC7)) | AE7: =IF(OR(AD7="",AD7=0),"",(AA7+AB7)/AD7) | AF7: =IF(OR(G7="",Y7=""),"",Y7-G7)
F8: =IF(COUNT(B8:E8)=0,"",SUM(B8:E8)) | G8: =IF(OR(F8="",F8=0),"",(C8+D8)/F8) | L8: =IF(COUNT(H8:K8)=0,"",SUM(H8:K8)) | M8: =IF(OR(L8="",L8=0),"",(I8+J8)/L8) | R8: =IF(COUNT(N8:Q8)=0,"",SUM(N8:Q8)) | S8: =IF(OR(R8="",R8=0),"",(O8+P8)/R8) | X8: =IF(COUNT(T8:W8)=0,"",SUM(T8:W8)) | Y8: =IF(OR(X8="",X8=0),"",(U8+V8)/X8) | AD8: =IF(COUNT(Z8:AC8)=0,"",SUM(Z8:AC8)) | AE8: =IF(OR(AD8="",AD8=0),"",(AA8+AB8)/AD8) | AF8: =IF(OR(G8="",Y8=""),"",Y8-G8)
F9: =IF(COUNT(B9:E9)=0,"",SUM(B9:E9)) | G9: =IF(OR(F9="",F9=0),"",(C9+D9)/F9) | L9: =IF(COUNT(H9:K9)=0,"",SUM(H9:K9)) | M9: =IF(OR(L9="",L9=0),"",(I9+J9)/L9) | R9: =IF(COUNT(N9:Q9)=0,"",SUM(N9:Q9)) | S9: =IF(OR(R9="",R9=0),"",(O9+P9)/R9) | X9: =IF(COUNT(T9:W9)=0,"",SUM(T9:W9)) | Y9: =IF(OR(X9="",X9=0),"",(U9+V9)/X9) | AD9: =IF(COUNT(Z9:AC9)=0,"",SUM(Z9:AC9)) | AE9: =IF(OR(AD9="",AD9=0),"",(AA9+AB9)/AD9) | AF9: =IF(OR(G9="",Y9=""),"",Y9-G9)
F10: =IF(COUNT(B10:E10)=0,"",SUM(B10:E10)) | G10: =IF(OR(F10="",F10=0),"",(C10+D10)/F10) | L10: =IF(COUNT(H10:K10)=0,"",SUM(H10:K10)) | M10: =IF(OR(L10="",L10=0),"",(I10+J10)/L10) | R10: =IF(COUNT(N10:Q10)=0,"",SUM(N10:Q10)) | S10: =IF(OR(R10="",R10=0),"",(O10+P10)/R10) | X10: =IF(COUNT(T10:W10)=0,"",SUM(T10:W10)) | Y10: =IF(OR(X10="",X10=0),"",(U10+V10)/X10) | AD10: =IF(COUNT(Z10:AC10)=0,"",SUM(Z10:AC10)) | AE10: =IF(OR(AD10="",AD10=0),"",(AA10+AB10)/AD10) | AF10: =IF(OR(G10="",Y10=""),"",Y10-G10)
F11: =IF(COUNT(B11:E11)=0,"",SUM(B11:E11)) | G11: =IF(OR(F11="",F11=0),"",(C11+D11)/F11) | L11: =IF(COUNT(H11:K11)=0,"",SUM(H11:K11)) | M11: =IF(OR(L11="",L11=0),"",(I11+J11)/L11) | R11: =IF(COUNT(N11:Q11)=0,"",SUM(N11:Q11)) | S11: =IF(OR(R11="",R11=0),"",(O11+P11)/R11) | X11: =IF(COUNT(T11:W11)=0,"",SUM(T11:W11)) | Y11: =IF(OR(X11="",X11=0),"",(U11+V11)/X11) | AD11: =IF(COUNT(Z11:AC11)=0,"",SUM(Z11:AC11)) | AE11: =IF(OR(AD11="",AD11=0),"",(AA11+AB11)/AD11) | AF11: =IF(OR(G11="",Y11=""),"",Y11-G11)
F12: =IF(COUNT(B12:E12)=0,"",SUM(B12:E12)) | G12: =IF(OR(F12="",F12=0),"",(C12+D12)/F12) | L12: =IF(COUNT(H12:K12)=0,"",SUM(H12:K12)) | M12: =IF(OR(L12="",L12=0),"",(I12+J12)/L12) | R12: =IF(COUNT(N12:Q12)=0,"",SUM(N12:Q12)) | S12: =IF(OR(R12="",R12=0),"",(O12+P12)/R12) | X12: =IF(COUNT(T12:W12)=0,"",SUM(T12:W12)) | Y12: =IF(OR(X12="",X12=0),"",(U12+V12)/X12) | AD12: =IF(COUNT(Z12:AC12)=0,"",SUM(Z12:AC12)) | AE12: =IF(OR(AD12="",AD12=0),"",(AA12+AB12)/AD12) | AF12: =IF(OR(G12="",Y12=""),"",Y12-G12)
F13: =IF(COUNT(B13:E13)=0,"",SUM(B13:E13)) | G13: =IF(OR(F13="",F13=0),"",(C13+D13)/F13) | L13: =IF(COUNT(H13:K13)=0,"",SUM(H13:K13)) | M13: =IF(OR(L13="",L13=0),"",(I13+J13)/L13) | R13: =IF(COUNT(N13:Q13)=0,"",SUM(N13:Q13)) | S13: =IF(OR(R13="",R13=0),"",(O13+P13)/R13) | X13: =IF(COUNT(T13:W13)=0,"",SUM(T13:W13)) | Y13: =IF(OR(X13="",X13=0),"",(U13+V13)/X13) | AD13: =IF(COUNT(Z13:AC13)=0,"",SUM(Z13:AC13)) | AE13: =IF(OR(AD13="",AD13=0),"",(AA13+AB13)/AD13) | AF13: =IF(OR(G13="",Y13=""),"",Y13-G13)
F14: =IF(COUNT(B14:E14)=0,"",SUM(B14:E14)) | G14: =IF(OR(F14="",F14=0),"",(C14+D14)/F14) | L14: =IF(COUNT(H14:K14)=0,"",SUM(H14:K14)) | M14: =IF(OR(L14="",L14=0),"",(I14+J14)/L14) | R14: =IF(COUNT(N14:Q14)=0,"",SUM(N14:Q14)) | S14: =IF(OR(R14="",R14=0),"",(O14+P14)/R14) | X14: =IF(COUNT(T14:W14)=0,"",SUM(T14:W14)) | Y14: =IF(OR(X14="",X14=0),"",(U14+V14)/X14) | AD14: =IF(COUNT(Z14:AC14)=0,"",SUM(Z14:AC14)) | AE14: =IF(OR(AD14="",AD14=0),"",(AA14+AB14)/AD14) | AF14: =IF(OR(G14="",Y14=""),"",Y14-G14)
F15: =IF(COUNT(B15:E15)=0,"",SUM(B15:E15)) | G15: =IF(OR(F15="",F15=0),"",(C15+D15)/F15) | L15: =IF(COUNT(H15:K15)=0,"",SUM(H15:K15)) | M15: =IF(OR(L15="",L15=0),"",(I15+J15)/L15) | R15: =IF(COUNT(N15:Q15)=0,"",SUM(N15:Q15)) | S15: =IF(OR(R15="",R15=0),"",(O15+P15)/R15) | X15: =IF(COUNT(T15:W15)=0,"",SUM(T15:W15)) | Y15: =IF(OR(X15="",X15=0),"",(U15+V15)/X15) | AD15: =IF(COUNT(Z15:AC15)=0,"",SUM(Z15:AC15)) | AE15: =IF(OR(AD15="",AD15=0),"",(AA15+AB15)/AD15) | AF15: =IF(OR(G15="",Y15=""),"",Y15-G15)
F16: =IF(COUNT(B16:E16)=0,"",SUM(B16:E16)) | G16: =IF(OR(F16="",F16=0),"",(C16+D16)/F16) | L16: =IF(COUNT(H16:K16)=0,"",SUM(H16:K16)) | M16: =IF(OR(L16="",L16=0),"",(I16+J16)/L16) | R16: =IF(COUNT(N16:Q16)=0,"",SUM(N16:Q16)) | S16: =IF(OR(R16="",R16=0),"",(O16+P16)/R16) | X16: =IF(COUNT(T16:W16)=0,"",SUM(T16:W16)) | Y16: =IF(OR(X16="",X16=0),"",(U16+V16)/X16) | AD16: =IF(COUNT(Z16:AC16)=0,"",SUM(Z16:AC16)) | AE16: =IF(OR(AD16="",AD16=0),"",(AA16+AB16)/AD16) | AF16: =IF(OR(G16="",Y16=""),"",Y16-G16)
F17: =IF(COUNT(B17:E17)=0,"",SUM(B17:E17)) | G17: =IF(OR(F17="",F17=0),"",(C17+D17)/F17) | L17: =IF(COUNT(H17:K17)=0,"",SUM(H17:K17)) | M17: =IF(OR(L17="",L17=0),"",(I17+J17)/L17) | R17: =IF(COUNT(N17:Q17)=0,"",SUM(N17:Q17)) | S17: =IF(OR(R17="",R17=0),"",(O17+P17)/R17) | X17: =IF(COUNT(T17:W17)=0,"",SUM(T17:W17)) | Y17: =IF(OR(X17="",X17=0),"",(U17+V17)/X17) | AD17: =IF(COUNT(Z17:AC17)=0,"",SUM(Z17:AC17)) | AE17: =IF(OR(AD17="",AD17=0),"",(AA17+AB17)/AD17) | AF17: =IF(OR(G17="",Y17=""),"",Y17-G17)
F18: =IF(COUNT(B18:E18)=0,"",SUM(B18:E18)) | G18: =IF(OR(F18="",F18=0),"",(C18+D18)/F18) | L18: =IF(COUNT(H18:K18)=0,"",SUM(H18:K18)) | M18: =IF(OR(L18="",L18=0),"",(I18+J18)/L18) | R18: =IF(COUNT(N18:Q18)=0,"",SUM(N18:Q18)) | S18: =IF(OR(R18="",R18=0),"",(O18+P18)/R18) | X18: =IF(COUNT(T18:W18)=0,"",SUM(T18:W18)) | Y18: =IF(OR(X18="",X18=0),"",(U18+V18)/X18) | AD18: =IF(COUNT(Z18:AC18)=0,"",SUM(Z18:AC18)) | AE18: =IF(OR(AD18="",AD18=0),"",(AA18+AB18)/AD18) | AF18: =IF(OR(G18="",Y18=""),"",Y18-G18)
F19: =IF(COUNT(B19:E19)=0,"",SUM(B19:E19)) | G19: =IF(OR(F19="",F19=0),"",(C19+D19)/F19) | L19: =IF(COUNT(H19:K19)=0,"",SUM(H19:K19)) | M19: =IF(OR(L19="",L19=0),"",(I19+J19)/L19) | R19: =IF(COUNT(N19:Q19)=0,"",SUM(N19:Q19)) | S19: =IF(OR(R19="",R19=0),"",(O19+P19)/R19) | X19: =IF(COUNT(T19:W19)=0,"",SUM(T19:W19)) | Y19: =IF(OR(X19="",X19=0),"",(U19+V19)/X19) | AD19: =IF(COUNT(Z19:AC19)=0,"",SUM(Z19:AC19)) | AE19: =IF(OR(AD19="",AD19=0),"",(AA19+AB19)/AD19) | AF19: =IF(OR(G19="",Y19=""),"",Y19-G19)
... F34: =IF(COUNT(B34:E34)=0,"",SUM(B34:E34)) | G34: =IF(OR(F34="",F34=0),"",(C34+D34)/F34) | L34: =IF(COUNT(H34:K34)=0,"",SUM(H34:K34)) | M34: =IF(OR(L34="",L34=0),"",(I34+J34)/L34) | R34: =IF(COUNT(N34:Q34)=0,"",SUM(N34:Q34)) | S34: =IF(OR(R34="",R34=0),"",(O34+P34)/R34) | X34: =IF(COUNT(T34:W34)=0,"",SUM(T34:W34)) | Y34: =IF(OR(X34="",X34=0),"",(U34+V34)/X34) | AD34: =IF(COUNT(Z34:AC34)=0,"",SUM(Z34:AC34)) | AE34: =IF(OR(AD34="",AD34=0),"",(AA34+AB34)/AD34) | AF34: =IF(OR(G34="",Y34=""),"",Y34-G34)
A37: 대화별 평균 | B37: ① 테아 | C37: ② 세이두 | D37: ③ 민 | E37: ④ 리마 | F37: ⑤ 수현 | G37: N
A38: F 사실 (개) | B38: =IF(COUNT($B$5:$B$34)=0,"",AVERAGE($B$5:$B$34)) | C38: =IF(COUNT($H$5:$H$34)=0,"",AVERAGE($H$5:$H$34)) | D38: =IF(COUNT($N$5:$N$34)=0,"",AVERAGE($N$5:$N$34)) | E38: =IF(COUNT($T$5:$T$34)=0,"",AVERAGE($T$5:$T$34)) | F38: =IF(COUNT($Z$5:$Z$34)=0,"",AVERAGE($Z$5:$Z$34)) | G38: =COUNT($F$5:$F$34)
A39: E 마음·이유 (개) | B39: =IF(COUNT($C$5:$C$34)=0,"",AVERAGE($C$5:$C$34)) | C39: =IF(COUNT($I$5:$I$34)=0,"",AVERAGE($I$5:$I$34)) | D39: =IF(COUNT($O$5:$O$34)=0,"",AVERAGE($O$5:$O$34)) | E39: =IF(COUNT($U$5:$U$34)=0,"",AVERAGE($U$5:$U$34)) | F39: =IF(COUNT($AA$5:$AA$34)=0,"",AVERAGE($AA$5:$AA$34)) | G39: =COUNT($F$5:$F$34)
A40: S 해결 (개) | B40: =IF(COUNT($D$5:$D$34)=0,"",AVERAGE($D$5:$D$34)) | C40: =IF(COUNT($J$5:$J$34)=0,"",AVERAGE($J$5:$J$34)) | D40: =IF(COUNT($P$5:$P$34)=0,"",AVERAGE($P$5:$P$34)) | E40: =IF(COUNT($V$5:$V$34)=0,"",AVERAGE($V$5:$V$34)) | F40: =IF(COUNT($AB$5:$AB$34)=0,"",AVERAGE($AB$5:$AB$34)) | G40: =COUNT($F$5:$F$34)
A41: O 기타 (개) | B41: =IF(COUNT($E$5:$E$34)=0,"",AVERAGE($E$5:$E$34)) | C41: =IF(COUNT($K$5:$K$34)=0,"",AVERAGE($K$5:$K$34)) | D41: =IF(COUNT($Q$5:$Q$34)=0,"",AVERAGE($Q$5:$Q$34)) | E41: =IF(COUNT($W$5:$W$34)=0,"",AVERAGE($W$5:$W$34)) | F41: =IF(COUNT($AC$5:$AC$34)=0,"",AVERAGE($AC$5:$AC$34)) | G41: =COUNT($F$5:$F$34)
A42: 질문 합계 (개) | B42: =IF(COUNT($F$5:$F$34)=0,"",AVERAGE($F$5:$F$34)) | C42: =IF(COUNT($L$5:$L$34)=0,"",AVERAGE($L$5:$L$34)) | D42: =IF(COUNT($R$5:$R$34)=0,"",AVERAGE($R$5:$R$34)) | E42: =IF(COUNT($X$5:$X$34)=0,"",AVERAGE($X$5:$X$34)) | F42: =IF(COUNT($AD$5:$AD$34)=0,"",AVERAGE($AD$5:$AD$34)) | G42: =COUNT($F$5:$F$34)
A43: E+S 비율 | B43: =IF(COUNT($G$5:$G$34)=0,"",AVERAGE($G$5:$G$34)) | C43: =IF(COUNT($M$5:$M$34)=0,"",AVERAGE($M$5:$M$34)) | D43: =IF(COUNT($S$5:$S$34)=0,"",AVERAGE($S$5:$S$34)) | E43: =IF(COUNT($Y$5:$Y$34)=0,"",AVERAGE($Y$5:$Y$34)) | F43: =IF(COUNT($AE$5:$AE$34)=0,"",AVERAGE($AE$5:$AE$34)) | G43: =COUNT($F$5:$F$34)
A45: E+S 비율 ① vs ④ 대응 t 검정 p | B45: =IFERROR(_xlfn.T.TEST($G$5:$G$34,$Y$5:$Y$34,2,1),"") | C45: 평균 변화 | D45: =IF(COUNT($AF$5:$AF$34)=0,"",AVERAGE($AF$5:$AF$34))
A46: ※ E(마음·이유)·S(해결) 질문 비율이 ①→④로 늘면 관점 공감·해결 탐색 질문이 늘었다는 뜻. 루브릭추이의 관점 공감·해결 방안 점수와 나란히 봅니다. ⑤ 수현은 해결 주체 회의라 S 비율이 높은 것이 정상입니다.

Sheet 폼붙여넣기(회고)
A1: 폼붙여넣기(회고) — 구글폼 응답 시트를 그대로 붙여 넣으면 오른쪽에 회고입력 형식으로 바뀝니다 | AW1: 척도 기준(수정 금지)
A2: ① 구글 응답 시트에서 전체 선택(Ctrl+A) → 복사 → 이 시트의 A4 칸을 누르고 붙여넣기(머리글이 4행, 응답이 5행부터). ② 오른쪽 노란 머리글 블록(별칭 ~ D 수준)이 자동으로 채워지면 그 블록을 복사해 회고입력 시트 4행에 '값만 붙여넣기'(Ctrl+Shift+V). ③ D 수준은 코딩 뒤 직접 적습니다. 3행의 정답·척도 기준은 고치지 마세요. [붙여넣은 뒤 4행 머리글 순서: 타임스탬프 | 모둠 | 별칭 | A1 | A2 | A3 | A4 | A5 | A6 | A7 | A8 | A9 | A10 | B1 전 | B2 전 | B3 전 | B4 전 | B5 전 | B6 전 | B7 전 | B8 전 | B9 전 | B1 지금 | B2 지금 | B3 지금 | B4 지금 | B5 지금 | B6 지금 | B7 지금 | B8 지금 | B9 지금 | C1 전 | C2 전 | C3 전 | C4 전 | C5 전 | C6 전 | C1 지금 | C2 지금 | C3 지금 | C4 지금 | C5 지금 | C6 지금 | D① | D② | D③ | D④] | AW2: ① 전혀 아니다
A3: 3행: 정답·척도 기준 (수정 금지) → | D3: ① 지구가 더워져서 | E3: ④ 눈이 많이 온다 | F3: O | G3: ② 물 모으는 시설과 가뭄에 강한 작물 | H3: O | I3: ① 안전하게 보호받고 배우는 것 | J3: ② 홍수로 집과 길이 물에 잠김 | K3: O | L3: ① 국제기구 | M3: X | AW3: ② 아니다 | AY3: ▶ 아래 블록(노란 머리글)을 복사해 회고입력 시트에 값만 붙여넣기
AW4: ③ 보통이다 | AY4: 별칭 | AZ4: A 점수 (0~10) | BA4: B1 전 | BB4: B2 전 | BC4: B3 전 | BD4: B4 전 | BE4: B5 전 | BF4: B6 전 | BG4: B7 전 | BH4: B8 전 | BI4: B9 전 | BJ4: B1 지금 | BK4: B2 지금 | BL4: B3 지금 | BM4: B4 지금 | BN4: B5 지금 | BO4: B6 지금 | BP4: B7 지금 | BQ4: B8 지금 | BR4: B9 지금 | BS4: C1 전 | BT4: C2 전 | BU4: C3 전 | BV4: C4 전 | BW4: C5 전 | BX4: C6 전 | BY4: C1 지금 | BZ4: C2 지금 | CA4: C3 지금 | CB4: C4 지금 | CC4: C5 지금 | CD4: C6 지금 | CE4: D①수준 | CF4: D②수준 | CG4: D③수준 | CH4: D④수준 | CI4: D① 원문 | CJ4: D② 원문 | CK4: D③ 원문 | CL4: D④ 원문 | CM4: 중복 확인
AW5: ④ 그렇다 | AY5: =IF(AND(B5="",C5=""),"",TRIM(B5)&" "&TRIM(C5)) | AZ5: =IF(AND(B5="",C5=""),"",SUMPRODUCT(--(D5:M5=$D$3:$M$3))) | BA5: =IF(N5="","",MATCH(N5,$AW$2:$AW$6,0)) | BB5: =IF(O5="","",MATCH(O5,$AW$2:$AW$6,0)) | BC5: =IF(P5="","",MATCH(P5,$AW$2:$AW$6,0)) | BD5: =IF(Q5="","",MATCH(Q5,$AW$2:$AW$6,0)) | BE5: =IF(R5="","",MATCH(R5,$AW$2:$AW$6,0)) | BF5: =IF(S5="","",MATCH(S5,$AW$2:$AW$6,0)) | BG5: =IF(T5="","",MATCH(T5,$AW$2:$AW$6,0)) | BH5: =IF(U5="","",MATCH(U5,$AW$2:$AW$6,0)) | ... CD5: =IF(AQ5="","",MATCH(AQ5,$AW$2:$AW$6,0)) | CI5: =IF(AR5="","",AR5) | CJ5: =IF(AS5="","",AS5) | CK5: =IF(AT5="","",AT5) | CL5: =IF(AU5="","",AU5) | CM5: =IF(AY5="","",IF(COUNTIF($AY$5:$AY$64,AY5)>1,"중복! 마지막 것만 남기세요",""))
AW6: ⑤ 매우 그렇다 | AY6: =IF(AND(B6="",C6=""),"",TRIM(B6)&" "&TRIM(C6)) | AZ6: =IF(AND(B6="",C6=""),"",SUMPRODUCT(--(D6:M6=$D$3:$M$3))) | BA6: =IF(N6="","",MATCH(N6,$AW$2:$AW$6,0)) | BB6: =IF(O6="","",MATCH(O6,$AW$2:$AW$6,0)) | BC6: =IF(P6="","",MATCH(P6,$AW$2:$AW$6,0)) | BD6: =IF(Q6="","",MATCH(Q6,$AW$2:$AW$6,0)) | BE6: =IF(R6="","",MATCH(R6,$AW$2:$AW$6,0)) | BF6: =IF(S6="","",MATCH(S6,$AW$2:$AW$6,0)) | BG6: =IF(T6="","",MATCH(T6,$AW$2:$AW$6,0)) | BH6: =IF(U6="","",MATCH(U6,$AW$2:$AW$6,0)) | ... CD6: =IF(AQ6="","",MATCH(AQ6,$AW$2:$AW$6,0)) | CI6: =IF(AR6="","",AR6) | CJ6: =IF(AS6="","",AS6) | CK6: =IF(AT6="","",AT6) | CL6: =IF(AU6="","",AU6) | CM6: =IF(AY6="","",IF(COUNTIF($AY$5:$AY$64,AY6)>1,"중복! 마지막 것만 남기세요",""))
AY7: =IF(AND(B7="",C7=""),"",TRIM(B7)&" "&TRIM(C7)) | AZ7: =IF(AND(B7="",C7=""),"",SUMPRODUCT(--(D7:M7=$D$3:$M$3))) | BA7: =IF(N7="","",MATCH(N7,$AW$2:$AW$6,0)) | BB7: =IF(O7="","",MATCH(O7,$AW$2:$AW$6,0)) | BC7: =IF(P7="","",MATCH(P7,$AW$2:$AW$6,0)) | BD7: =IF(Q7="","",MATCH(Q7,$AW$2:$AW$6,0)) | BE7: =IF(R7="","",MATCH(R7,$AW$2:$AW$6,0)) | BF7: =IF(S7="","",MATCH(S7,$AW$2:$AW$6,0)) | BG7: =IF(T7="","",MATCH(T7,$AW$2:$AW$6,0)) | BH7: =IF(U7="","",MATCH(U7,$AW$2:$AW$6,0)) | ... CD7: =IF(AQ7="","",MATCH(AQ7,$AW$2:$AW$6,0)) | CI7: =IF(AR7="","",AR7) | CJ7: =IF(AS7="","",AS7) | CK7: =IF(AT7="","",AT7) | CL7: =IF(AU7="","",AU7) | CM7: =IF(AY7="","",IF(COUNTIF($AY$5:$AY$64,AY7)>1,"중복! 마지막 것만 남기세요",""))
AY8: =IF(AND(B8="",C8=""),"",TRIM(B8)&" "&TRIM(C8)) | AZ8: =IF(AND(B8="",C8=""),"",SUMPRODUCT(--(D8:M8=$D$3:$M$3))) | BA8: =IF(N8="","",MATCH(N8,$AW$2:$AW$6,0)) | BB8: =IF(O8="","",MATCH(O8,$AW$2:$AW$6,0)) | BC8: =IF(P8="","",MATCH(P8,$AW$2:$AW$6,0)) | BD8: =IF(Q8="","",MATCH(Q8,$AW$2:$AW$6,0)) | BE8: =IF(R8="","",MATCH(R8,$AW$2:$AW$6,0)) | BF8: =IF(S8="","",MATCH(S8,$AW$2:$AW$6,0)) | BG8: =IF(T8="","",MATCH(T8,$AW$2:$AW$6,0)) | BH8: =IF(U8="","",MATCH(U8,$AW$2:$AW$6,0)) | ... CD8: =IF(AQ8="","",MATCH(AQ8,$AW$2:$AW$6,0)) | CI8: =IF(AR8="","",AR8) | CJ8: =IF(AS8="","",AS8) | CK8: =IF(AT8="","",AT8) | CL8: =IF(AU8="","",AU8) | CM8: =IF(AY8="","",IF(COUNTIF($AY$5:$AY$64,AY8)>1,"중복! 마지막 것만 남기세요",""))
AY9: =IF(AND(B9="",C9=""),"",TRIM(B9)&" "&TRIM(C9)) | AZ9: =IF(AND(B9="",C9=""),"",SUMPRODUCT(--(D9:M9=$D$3:$M$3))) | BA9: =IF(N9="","",MATCH(N9,$AW$2:$AW$6,0)) | BB9: =IF(O9="","",MATCH(O9,$AW$2:$AW$6,0)) | BC9: =IF(P9="","",MATCH(P9,$AW$2:$AW$6,0)) | BD9: =IF(Q9="","",MATCH(Q9,$AW$2:$AW$6,0)) | BE9: =IF(R9="","",MATCH(R9,$AW$2:$AW$6,0)) | BF9: =IF(S9="","",MATCH(S9,$AW$2:$AW$6,0)) | BG9: =IF(T9="","",MATCH(T9,$AW$2:$AW$6,0)) | BH9: =IF(U9="","",MATCH(U9,$AW$2:$AW$6,0)) | ... CD9: =IF(AQ9="","",MATCH(AQ9,$AW$2:$AW$6,0)) | CI9: =IF(AR9="","",AR9) | CJ9: =IF(AS9="","",AS9) | CK9: =IF(AT9="","",AT9) | CL9: =IF(AU9="","",AU9) | CM9: =IF(AY9="","",IF(COUNTIF($AY$5:$AY$64,AY9)>1,"중복! 마지막 것만 남기세요",""))
AY10: =IF(AND(B10="",C10=""),"",TRIM(B10)&" "&TRIM(C10)) | AZ10: =IF(AND(B10="",C10=""),"",SUMPRODUCT(--(D10:M10=$D$3:$M$3))) | BA10: =IF(N10="","",MATCH(N10,$AW$2:$AW$6,0)) | BB10: =IF(O10="","",MATCH(O10,$AW$2:$AW$6,0)) | BC10: =IF(P10="","",MATCH(P10,$AW$2:$AW$6,0)) | BD10: =IF(Q10="","",MATCH(Q10,$AW$2:$AW$6,0)) | BE10: =IF(R10="","",MATCH(R10,$AW$2:$AW$6,0)) | BF10: =IF(S10="","",MATCH(S10,$AW$2:$AW$6,0)) | BG10: =IF(T10="","",MATCH(T10,$AW$2:$AW$6,0)) | BH10: =IF(U10="","",MATCH(U10,$AW$2:$AW$6,0)) | ... CD10: =IF(AQ10="","",MATCH(AQ10,$AW$2:$AW$6,0)) | CI10: =IF(AR10="","",AR10) | CJ10: =IF(AS10="","",AS10) | CK10: =IF(AT10="","",AT10) | CL10: =IF(AU10="","",AU10) | CM10: =IF(AY10="","",IF(COUNTIF($AY$5:$AY$64,AY10)>1,"중복! 마지막 것만 남기세요",""))
AY11: =IF(AND(B11="",C11=""),"",TRIM(B11)&" "&TRIM(C11)) | AZ11: =IF(AND(B11="",C11=""),"",SUMPRODUCT(--(D11:M11=$D$3:$M$3))) | BA11: =IF(N11="","",MATCH(N11,$AW$2:$AW$6,0)) | BB11: =IF(O11="","",MATCH(O11,$AW$2:$AW$6,0)) | BC11: =IF(P11="","",MATCH(P11,$AW$2:$AW$6,0)) | BD11: =IF(Q11="","",MATCH(Q11,$AW$2:$AW$6,0)) | BE11: =IF(R11="","",MATCH(R11,$AW$2:$AW$6,0)) | BF11: =IF(S11="","",MATCH(S11,$AW$2:$AW$6,0)) | BG11: =IF(T11="","",MATCH(T11,$AW$2:$AW$6,0)) | BH11: =IF(U11="","",MATCH(U11,$AW$2:$AW$6,0)) | ... CD11: =IF(AQ11="","",MATCH(AQ11,$AW$2:$AW$6,0)) | CI11: =IF(AR11="","",AR11) | CJ11: =IF(AS11="","",AS11) | CK11: =IF(AT11="","",AT11) | CL11: =IF(AU11="","",AU11) | CM11: =IF(AY11="","",IF(COUNTIF($AY$5:$AY$64,AY11)>1,"중복! 마지막 것만 남기세요",""))
AY12: =IF(AND(B12="",C12=""),"",TRIM(B12)&" "&TRIM(C12)) | AZ12: =IF(AND(B12="",C12=""),"",SUMPRODUCT(--(D12:M12=$D$3:$M$3))) | BA12: =IF(N12="","",MATCH(N12,$AW$2:$AW$6,0)) | BB12: =IF(O12="","",MATCH(O12,$AW$2:$AW$6,0)) | BC12: =IF(P12="","",MATCH(P12,$AW$2:$AW$6,0)) | BD12: =IF(Q12="","",MATCH(Q12,$AW$2:$AW$6,0)) | BE12: =IF(R12="","",MATCH(R12,$AW$2:$AW$6,0)) | BF12: =IF(S12="","",MATCH(S12,$AW$2:$AW$6,0)) | BG12: =IF(T12="","",MATCH(T12,$AW$2:$AW$6,0)) | BH12: =IF(U12="","",MATCH(U12,$AW$2:$AW$6,0)) | ... CD12: =IF(AQ12="","",MATCH(AQ12,$AW$2:$AW$6,0)) | CI12: =IF(AR12="","",AR12) | CJ12: =IF(AS12="","",AS12) | CK12: =IF(AT12="","",AT12) | CL12: =IF(AU12="","",AU12) | CM12: =IF(AY12="","",IF(COUNTIF($AY$5:$AY$64,AY12)>1,"중복! 마지막 것만 남기세요",""))
AY13: =IF(AND(B13="",C13=""),"",TRIM(B13)&" "&TRIM(C13)) | AZ13: =IF(AND(B13="",C13=""),"",SUMPRODUCT(--(D13:M13=$D$3:$M$3))) | BA13: =IF(N13="","",MATCH(N13,$AW$2:$AW$6,0)) | BB13: =IF(O13="","",MATCH(O13,$AW$2:$AW$6,0)) | BC13: =IF(P13="","",MATCH(P13,$AW$2:$AW$6,0)) | BD13: =IF(Q13="","",MATCH(Q13,$AW$2:$AW$6,0)) | BE13: =IF(R13="","",MATCH(R13,$AW$2:$AW$6,0)) | BF13: =IF(S13="","",MATCH(S13,$AW$2:$AW$6,0)) | BG13: =IF(T13="","",MATCH(T13,$AW$2:$AW$6,0)) | BH13: =IF(U13="","",MATCH(U13,$AW$2:$AW$6,0)) | ... CD13: =IF(AQ13="","",MATCH(AQ13,$AW$2:$AW$6,0)) | CI13: =IF(AR13="","",AR13) | CJ13: =IF(AS13="","",AS13) | CK13: =IF(AT13="","",AT13) | CL13: =IF(AU13="","",AU13) | CM13: =IF(AY13="","",IF(COUNTIF($AY$5:$AY$64,AY13)>1,"중복! 마지막 것만 남기세요",""))
AY14: =IF(AND(B14="",C14=""),"",TRIM(B14)&" "&TRIM(C14)) | AZ14: =IF(AND(B14="",C14=""),"",SUMPRODUCT(--(D14:M14=$D$3:$M$3))) | BA14: =IF(N14="","",MATCH(N14,$AW$2:$AW$6,0)) | BB14: =IF(O14="","",MATCH(O14,$AW$2:$AW$6,0)) | BC14: =IF(P14="","",MATCH(P14,$AW$2:$AW$6,0)) | BD14: =IF(Q14="","",MATCH(Q14,$AW$2:$AW$6,0)) | BE14: =IF(R14="","",MATCH(R14,$AW$2:$AW$6,0)) | BF14: =IF(S14="","",MATCH(S14,$AW$2:$AW$6,0)) | BG14: =IF(T14="","",MATCH(T14,$AW$2:$AW$6,0)) | BH14: =IF(U14="","",MATCH(U14,$AW$2:$AW$6,0)) | ... CD14: =IF(AQ14="","",MATCH(AQ14,$AW$2:$AW$6,0)) | CI14: =IF(AR14="","",AR14) | CJ14: =IF(AS14="","",AS14) | CK14: =IF(AT14="","",AT14) | CL14: =IF(AU14="","",AU14) | CM14: =IF(AY14="","",IF(COUNTIF($AY$5:$AY$64,AY14)>1,"중복! 마지막 것만 남기세요",""))
AY15: =IF(AND(B15="",C15=""),"",TRIM(B15)&" "&TRIM(C15)) | AZ15: =IF(AND(B15="",C15=""),"",SUMPRODUCT(--(D15:M15=$D$3:$M$3))) | BA15: =IF(N15="","",MATCH(N15,$AW$2:$AW$6,0)) | BB15: =IF(O15="","",MATCH(O15,$AW$2:$AW$6,0)) | BC15: =IF(P15="","",MATCH(P15,$AW$2:$AW$6,0)) | BD15: =IF(Q15="","",MATCH(Q15,$AW$2:$AW$6,0)) | BE15: =IF(R15="","",MATCH(R15,$AW$2:$AW$6,0)) | BF15: =IF(S15="","",MATCH(S15,$AW$2:$AW$6,0)) | BG15: =IF(T15="","",MATCH(T15,$AW$2:$AW$6,0)) | BH15: =IF(U15="","",MATCH(U15,$AW$2:$AW$6,0)) | ... CD15: =IF(AQ15="","",MATCH(AQ15,$AW$2:$AW$6,0)) | CI15: =IF(AR15="","",AR15) | CJ15: =IF(AS15="","",AS15) | CK15: =IF(AT15="","",AT15) | CL15: =IF(AU15="","",AU15) | CM15: =IF(AY15="","",IF(COUNTIF($AY$5:$AY$64,AY15)>1,"중복! 마지막 것만 남기세요",""))
AY16: =IF(AND(B16="",C16=""),"",TRIM(B16)&" "&TRIM(C16)) | AZ16: =IF(AND(B16="",C16=""),"",SUMPRODUCT(--(D16:M16=$D$3:$M$3))) | BA16: =IF(N16="","",MATCH(N16,$AW$2:$AW$6,0)) | BB16: =IF(O16="","",MATCH(O16,$AW$2:$AW$6,0)) | BC16: =IF(P16="","",MATCH(P16,$AW$2:$AW$6,0)) | BD16: =IF(Q16="","",MATCH(Q16,$AW$2:$AW$6,0)) | BE16: =IF(R16="","",MATCH(R16,$AW$2:$AW$6,0)) | BF16: =IF(S16="","",MATCH(S16,$AW$2:$AW$6,0)) | BG16: =IF(T16="","",MATCH(T16,$AW$2:$AW$6,0)) | BH16: =IF(U16="","",MATCH(U16,$AW$2:$AW$6,0)) | ... CD16: =IF(AQ16="","",MATCH(AQ16,$AW$2:$AW$6,0)) | CI16: =IF(AR16="","",AR16) | CJ16: =IF(AS16="","",AS16) | CK16: =IF(AT16="","",AT16) | CL16: =IF(AU16="","",AU16) | CM16: =IF(AY16="","",IF(COUNTIF($AY$5:$AY$64,AY16)>1,"중복! 마지막 것만 남기세요",""))
AY17: =IF(AND(B17="",C17=""),"",TRIM(B17)&" "&TRIM(C17)) | AZ17: =IF(AND(B17="",C17=""),"",SUMPRODUCT(--(D17:M17=$D$3:$M$3))) | BA17: =IF(N17="","",MATCH(N17,$AW$2:$AW$6,0)) | BB17: =IF(O17="","",MATCH(O17,$AW$2:$AW$6,0)) | BC17: =IF(P17="","",MATCH(P17,$AW$2:$AW$6,0)) | BD17: =IF(Q17="","",MATCH(Q17,$AW$2:$AW$6,0)) | BE17: =IF(R17="","",MATCH(R17,$AW$2:$AW$6,0)) | BF17: =IF(S17="","",MATCH(S17,$AW$2:$AW$6,0)) | BG17: =IF(T17="","",MATCH(T17,$AW$2:$AW$6,0)) | BH17: =IF(U17="","",MATCH(U17,$AW$2:$AW$6,0)) | ... CD17: =IF(AQ17="","",MATCH(AQ17,$AW$2:$AW$6,0)) | CI17: =IF(AR17="","",AR17) | CJ17: =IF(AS17="","",AS17) | CK17: =IF(AT17="","",AT17) | CL17: =IF(AU17="","",AU17) | CM17: =IF(AY17="","",IF(COUNTIF($AY$5:$AY$64,AY17)>1,"중복! 마지막 것만 남기세요",""))
AY18: =IF(AND(B18="",C18=""),"",TRIM(B18)&" "&TRIM(C18)) | AZ18: =IF(AND(B18="",C18=""),"",SUMPRODUCT(--(D18:M18=$D$3:$M$3))) | BA18: =IF(N18="","",MATCH(N18,$AW$2:$AW$6,0)) | BB18: =IF(O18="","",MATCH(O18,$AW$2:$AW$6,0)) | BC18: =IF(P18="","",MATCH(P18,$AW$2:$AW$6,0)) | BD18: =IF(Q18="","",MATCH(Q18,$AW$2:$AW$6,0)) | BE18: =IF(R18="","",MATCH(R18,$AW$2:$AW$6,0)) | BF18: =IF(S18="","",MATCH(S18,$AW$2:$AW$6,0)) | BG18: =IF(T18="","",MATCH(T18,$AW$2:$AW$6,0)) | BH18: =IF(U18="","",MATCH(U18,$AW$2:$AW$6,0)) | ... CD18: =IF(AQ18="","",MATCH(AQ18,$AW$2:$AW$6,0)) | CI18: =IF(AR18="","",AR18) | CJ18: =IF(AS18="","",AS18) | CK18: =IF(AT18="","",AT18) | CL18: =IF(AU18="","",AU18) | CM18: =IF(AY18="","",IF(COUNTIF($AY$5:$AY$64,AY18)>1,"중복! 마지막 것만 남기세요",""))
... AY64: =IF(AND(B64="",C64=""),"",TRIM(B64)&" "&TRIM(C64)) | AZ64: =IF(AND(B64="",C64=""),"",SUMPRODUCT(--(D64:M64=$D$3:$M$3))) | BA64: =IF(N64="","",MATCH(N64,$AW$2:$AW$6,0)) | BB64: =IF(O64="","",MATCH(O64,$AW$2:$AW$6,0)) | BC64: =IF(P64="","",MATCH(P64,$AW$2:$AW$6,0)) | BD64: =IF(Q64="","",MATCH(Q64,$AW$2:$AW$6,0)) | BE64: =IF(R64="","",MATCH(R64,$AW$2:$AW$6,0)) | BF64: =IF(S64="","",MATCH(S64,$AW$2:$AW$6,0)) | BG64: =IF(T64="","",MATCH(T64,$AW$2:$AW$6,0)) | BH64: =IF(U64="","",MATCH(U64,$AW$2:$AW$6,0)) | ... CD64: =IF(AQ64="","",MATCH(AQ64,$AW$2:$AW$6,0)) | CI64: =IF(AR64="","",AR64) | CJ64: =IF(AS64="","",AS64) | CK64: =IF(AT64="","",AT64) | CL64: =IF(AU64="","",AU64) | CM64: =IF(AY64="","",IF(COUNTIF($AY$5:$AY$64,AY64)>1,"중복! 마지막 것만 남기세요",""))
